seq,t_utc,true_label,pred_prob,pred_label,model_version,http_status
0,2026-09-22T07:51:20Z,0.0,,,,"ERR:HTTPSConnectionPool(host='itcs355-serve.lemonmoss-4d9a49c1.japanwest.azurecontainerapps.io', port=443): Read timed out. (read timeout=15)"
1,2026-09-22T07:51:36Z,0.0,,,,"ERR:HTTPSConnectionPool(host='itcs355-serve.lemonmoss-4d9a49c1.japanwest.azurecontainerapps.io', port=443): Read timed out. (read timeout=15)"
2,2026-09-22T07:51:51Z,0.0,,,,"ERR:HTTPSConnectionPool(host='itcs355-serve.lemonmoss-4d9a49c1.japanwest.azurecontainerapps.io', port=443): Read timed out. (read timeout=15)"
3,2026-09-22T07:52:06Z,0.0,0.027749667575201493,0,2,200
4,2026-09-22T07:52:12Z,0.0,,,,"ERR:HTTPSConnectionPool(host='itcs355-serve.lemonmoss-4d9a49c1.japanwest.azurecontainerapps.io', port=443): Read timed out. (read timeout=15)"
5,2026-09-22T07:52:27Z,0.0,0.11922608271793553,0,2,200
6,2026-09-22T07:52:27Z,0.0,0.05825732507892671,0,2,200
7,2026-09-22T07:52:28Z,0.0,0.11619138368107229,0,2,200
8,2026-09-22T07:52:28Z,0.0,0.013152967943340239,0,2,200
9,2026-09-22T07:52:28Z,0.0,0.01339691946646136,0,2,200
10,2026-09-22T07:52:29Z,0.0,0.013466650801570638,0,2,200
11,2026-09-22T07:52:29Z,0.0,0.021172381694799652,0,2,200
12,2026-09-22T07:52:30Z,0.0,0.06183076537941293,0,2,200
13,2026-09-22T07:52:30Z,0.0,,,,"ERR:HTTPSConnectionPool(host='itcs355-serve.lemonmoss-4d9a49c1.japanwest.azurecontainerapps.io', port=443): Read timed out. (read timeout=15)"
14,2026-09-22T07:52:45Z,1.0,0.02468354815499456,0,2,200
15,2026-09-22T07:52:46Z,0.0,0.018872827041554293,0,2,200
16,2026-09-22T07:52:46Z,0.0,0.08280422443329545,0,2,200
17,2026-09-22T07:52:46Z,0.0,0.014058021168194747,0,2,200
18,2026-09-22T07:52:47Z,0.0,0.11936568488507796,0,2,200
19,2026-09-22T07:52:47Z,0.0,0.1513633922802773,0,2,200
20,2026-09-22T07:52:47Z,0.0,0.043849374607059816,0,2,200
21,2026-09-22T07:52:48Z,0.0,0.02709874715140768,0,2,200
22,2026-09-22T07:52:48Z,0.0,0.012913446985256406,0,2,200
23,2026-09-22T07:52:48Z,0.0,0.02504527867666016,0,2,200
24,2026-09-22T07:52:49Z,0.0,0.07966997583906632,0,2,200
25,2026-09-22T07:52:49Z,0.0,0.057687748234724466,0,4,200
26,2026-09-22T07:52:53Z,0.0,0.13654103674267173,0,2,200
27,2026-09-22T07:52:53Z,0.0,0.15734408346349515,0,2,200
28,2026-09-22T07:52:53Z,0.0,0.019615834999757043,0,2,200
29,2026-09-22T07:52:54Z,0.0,0.1165653180580585,0,4,200
30,2026-09-22T07:52:54Z,0.0,0.05351860459454612,0,4,200
31,2026-09-22T07:52:55Z,0.0,0.016166616672357626,0,2,200
32,2026-09-22T07:52:55Z,0.0,0.06902319836875624,0,2,200
33,2026-09-22T07:52:55Z,0.0,0.013712349641730771,0,2,200
34,2026-09-22T07:52:56Z,0.0,0.1408803257078845,0,2,200
35,2026-09-22T07:52:56Z,0.0,0.02365756626989165,0,2,200
36,2026-09-22T07:52:56Z,0.0,0.1062304330335809,0,2,200
37,2026-09-22T07:52:57Z,0.0,0.016269599273470013,0,2,200
38,2026-09-22T07:52:57Z,0.0,0.12315174842732692,0,2,200
39,2026-09-22T07:52:57Z,0.0,0.11015632953665425,0,2,200
40,2026-09-22T07:52:58Z,0.0,0.020337437674907505,0,2,200
41,2026-09-22T07:52:58Z,0.0,0.0190130115674329,0,2,200
42,2026-09-22T07:52:58Z,0.0,0.1113970205973513,0,4,200
43,2026-09-22T07:52:59Z,0.0,0.014102780791979885,0,2,200
44,2026-09-22T07:52:59Z,0.0,0.0135176220621785,0,2,200
45,2026-09-22T07:53:00Z,0.0,0.1239611689604029,0,4,200
46,2026-09-22T07:53:00Z,0.0,0.13503697024490352,0,2,200
47,2026-09-22T07:53:00Z,0.0,0.014402439641855615,0,2,200
48,2026-09-22T07:53:01Z,0.0,0.015892336731407792,0,2,200
49,2026-09-22T07:53:01Z,0.0,0.03338864433899151,0,2,200
50,2026-09-22T07:53:01Z,0.0,0.03562643955563258,0,2,200
51,2026-09-22T07:53:02Z,0.0,0.09829991586562035,0,2,200
52,2026-09-22T07:53:02Z,0.0,0.03230609634033482,0,2,200
53,2026-09-22T07:53:02Z,0.0,0.10950462074260658,0,2,200
54,2026-09-22T07:53:03Z,0.0,0.11296951781435104,0,2,200
55,2026-09-22T07:53:03Z,0.0,0.11486813861517692,0,2,200
56,2026-09-22T07:53:03Z,0.0,0.09722298496584748,0,2,200
57,2026-09-22T07:53:04Z,0.0,0.0385608772125948,0,2,200
58,2026-09-22T07:53:04Z,0.0,0.022972928106999895,0,2,200
59,2026-09-22T07:53:04Z,0.0,0.03197976999806585,0,2,200
60,2026-09-22T07:53:05Z,0.0,0.03691925553988996,0,2,200
61,2026-09-22T07:53:05Z,0.0,0.03317936196594368,0,2,200
62,2026-09-22T07:53:06Z,0.0,0.06477986674529031,0,2,200
63,2026-09-22T07:53:06Z,0.0,0.01518909498833418,0,2,200
64,2026-09-22T07:53:06Z,0.0,0.01391606473478496,0,2,200
65,2026-09-22T07:53:07Z,0.0,0.03879620328325031,0,2,200
66,2026-09-22T07:53:07Z,0.0,0.09435135706154543,0,2,200
67,2026-09-22T07:53:07Z,0.0,0.08186968442270297,0,2,200
68,2026-09-22T07:53:08Z,0.0,0.019505352015406353,0,2,200
69,2026-09-22T07:53:08Z,0.0,0.03019728450597267,0,2,200
70,2026-09-22T07:53:08Z,0.0,0.16618320109875964,0,2,200
71,2026-09-22T07:53:09Z,0.0,0.0586869020552533,0,4,200
72,2026-09-22T07:53:09Z,0.0,0.15598620371907398,0,2,200
73,2026-09-22T07:53:09Z,0.0,0.016813015894295565,0,2,200
74,2026-09-22T07:53:10Z,0.0,0.013968629634888687,0,2,200
75,2026-09-22T07:53:10Z,0.0,0.5560861622398108,1,2,200
76,2026-09-22T07:53:11Z,0.0,0.25425390712555307,0,2,200
77,2026-09-22T07:53:11Z,1.0,0.5035344014591687,1,2,200
78,2026-09-22T07:53:11Z,0.0,0.3698787007543116,0,2,200
79,2026-09-22T07:53:12Z,0.0,0.40707928619818246,0,2,200
80,2026-09-22T07:53:12Z,0.0,0.09866005173122717,0,2,200
81,2026-09-22T07:53:12Z,0.0,0.5397276940422744,1,2,200
82,2026-09-22T07:53:13Z,0.0,0.08790998562118103,0,2,200
83,2026-09-22T07:53:13Z,0.0,0.11961691717139158,0,2,200
84,2026-09-22T07:53:13Z,0.0,0.062489628021540004,0,2,200
85,2026-09-22T07:53:14Z,1.0,0.4690618080124053,0,2,200
86,2026-09-22T07:53:14Z,1.0,0.43013881004484567,0,2,200
87,2026-09-22T07:53:14Z,1.0,0.5495526621086776,1,2,200
88,2026-09-22T07:53:15Z,1.0,0.31865647296779115,0,4,200
89,2026-09-22T07:53:15Z,1.0,0.3808324269586633,0,2,200
90,2026-09-22T07:53:16Z,0.0,0.04524251259412286,0,2,200
91,2026-09-22T07:53:16Z,0.0,0.06540940197059088,0,2,200
92,2026-09-22T07:53:16Z,1.0,0.4037844825043223,0,2,200
93,2026-09-22T07:53:17Z,1.0,0.5074634283713659,1,2,200
94,2026-09-22T07:53:17Z,1.0,0.6068577106943612,1,2,200
95,2026-09-22T07:53:17Z,1.0,0.31126062206544675,0,4,200
96,2026-09-22T07:53:18Z,0.0,0.45979264204795,0,2,200
97,2026-09-22T07:53:18Z,1.0,0.622532456529563,1,2,200
98,2026-09-22T07:53:18Z,1.0,0.5187577897953176,1,2,200
99,2026-09-22T07:53:19Z,1.0,0.3656789623489576,0,2,200
100,2026-09-22T07:53:19Z,0.0,0.03450335753794753,0,2,200
101,2026-09-22T07:53:21Z,0.0,0.0773188067191381,0,2,200
102,2026-09-22T07:53:21Z,0.0,0.044373928627354495,0,2,200
103,2026-09-22T07:53:21Z,1.0,0.2200885773434908,0,4,200
104,2026-09-22T07:53:22Z,0.0,0.1390289709381129,0,2,200
105,2026-09-22T07:53:22Z,1.0,0.5244539797395948,1,2,200
106,2026-09-22T07:53:22Z,1.0,0.3911915744087691,0,2,200
107,2026-09-22T07:53:23Z,0.0,0.036303197768910306,0,2,200
108,2026-09-22T07:53:23Z,0.0,0.23227803807510447,0,2,200
109,2026-09-22T07:53:23Z,1.0,0.24195846118267272,0,2,200
110,2026-09-22T07:53:24Z,0.0,0.03334831381403612,0,2,200
111,2026-09-22T07:53:24Z,0.0,0.5276319520554054,1,2,200
112,2026-09-22T07:53:25Z,0.0,0.042849337839941624,0,2,200
113,2026-09-22T07:53:25Z,0.0,0.03489930938944169,0,2,200
114,2026-09-22T07:53:25Z,1.0,0.2187049242114281,0,2,200
115,2026-09-22T07:53:26Z,0.0,0.5294336483130693,1,2,200
116,2026-09-22T07:53:26Z,0.0,0.05029768791693622,0,2,200
117,2026-09-22T07:53:26Z,0.0,0.2131996238445236,0,2,200
118,2026-09-22T07:53:27Z,0.0,0.2587332633023351,0,2,200
119,2026-09-22T07:53:27Z,1.0,0.1793605566824026,0,2,200
120,2026-09-22T07:53:27Z,1.0,0.3804295688737205,0,2,200
121,2026-09-22T07:53:28Z,0.0,0.22600186607366302,0,2,200
122,2026-09-22T07:53:28Z,0.0,0.4047571401046094,0,2,200
123,2026-09-22T07:53:28Z,0.0,0.19914406285456684,0,2,200
124,2026-09-22T07:53:29Z,0.0,0.03570392482171593,0,2,200
125,2026-09-22T07:53:29Z,0.0,0.0655777160670333,0,4,200
126,2026-09-22T07:53:30Z,0.0,0.03977565128876771,0,2,200
127,2026-09-22T07:53:30Z,0.0,0.13825181172054873,0,2,200
128,2026-09-22T07:53:30Z,0.0,0.01946082055280709,0,2,200
129,2026-09-22T07:53:31Z,0.0,0.016415788674198285,0,2,200
130,2026-09-22T07:53:31Z,0.0,0.014386750651367368,0,2,200
131,2026-09-22T07:53:31Z,0.0,0.01915251162165331,0,2,200
132,2026-09-22T07:53:32Z,0.0,0.023556411887001683,0,2,200
133,2026-09-22T07:53:32Z,0.0,0.014215565608196425,0,2,200
134,2026-09-22T07:53:32Z,0.0,0.01694379445328973,0,2,200
135,2026-09-22T07:53:33Z,0.0,0.019334686443193198,0,2,200
136,2026-09-22T07:53:33Z,0.0,0.14401622750987997,0,2,200
137,2026-09-22T07:53:34Z,0.0,0.03908861220155728,0,2,200
138,2026-09-22T07:53:34Z,0.0,0.16519177757384565,0,2,200
139,2026-09-22T07:53:34Z,1.0,0.1113970205973513,0,4,200
140,2026-09-22T07:53:35Z,0.0,0.098808346640635,0,2,200
141,2026-09-22T07:53:35Z,0.0,0.029081549870003002,0,2,200
142,2026-09-22T07:53:35Z,0.0,0.016347253237683573,0,2,200
143,2026-09-22T07:53:36Z,0.0,0.13513293182917452,0,2,200
144,2026-09-22T07:53:36Z,0.0,0.014328575876997233,0,2,200
145,2026-09-22T07:53:36Z,0.0,0.014273868585395859,0,2,200
146,2026-09-22T07:53:37Z,0.0,0.18278910114843552,0,2,200
147,2026-09-22T07:53:37Z,0.0,0.03390015703716135,0,2,200
148,2026-09-22T07:53:38Z,0.0,0.02376732320627071,0,2,200
149,2026-09-22T07:53:38Z,0.0,0.016366394864963912,0,2,200
150,2026-09-22T07:53:38Z,0.0,0.01323325916464087,0,2,200
151,2026-09-22T07:53:39Z,0.0,0.02548149572832437,0,2,200
152,2026-09-22T07:53:39Z,0.0,0.23272528330912412,0,2,200
153,2026-09-22T07:53:39Z,0.0,0.08346152204478026,0,2,200
154,2026-09-22T07:53:40Z,0.0,0.0296107060799793,0,2,200
155,2026-09-22T07:53:40Z,0.0,0.03488933633050857,0,2,200
156,2026-09-22T07:53:40Z,0.0,0.13558705225969195,0,2,200
157,2026-09-22T07:53:41Z,0.0,0.0406541658011465,0,2,200
158,2026-09-22T07:53:41Z,0.0,0.05351860459454612,0,4,200
159,2026-09-22T07:53:42Z,1.0,0.1113970205973513,0,4,200
160,2026-09-22T07:53:42Z,0.0,0.029178812057168154,0,2,200
161,2026-09-22T07:53:42Z,0.0,0.03724029849853637,0,2,200
162,2026-09-22T07:53:43Z,0.0,0.015561985741745445,0,2,200
163,2026-09-22T07:53:43Z,0.0,0.1745891347521585,0,2,200
164,2026-09-22T07:53:43Z,1.0,0.14992249353323264,0,2,200
165,2026-09-22T07:53:44Z,0.0,0.015290415824479098,0,2,200
166,2026-09-22T07:53:44Z,0.0,0.15267346146815375,0,2,200
167,2026-09-22T07:53:44Z,0.0,0.1306868681556205,0,2,200
168,2026-09-22T07:53:45Z,0.0,0.030962294009552103,0,2,200
169,2026-09-22T07:53:45Z,0.0,0.03248909504305357,0,2,200
170,2026-09-22T07:53:46Z,0.0,0.013228421129309774,0,2,200
171,2026-09-22T07:53:46Z,0.0,0.02319678987540043,0,2,200
172,2026-09-22T07:53:46Z,0.0,0.18954563721103665,0,2,200
173,2026-09-22T07:53:47Z,0.0,0.021341810644382564,0,2,200
174,2026-09-22T07:53:47Z,0.0,0.03967214269303426,0,2,200
175,2026-09-22T07:53:47Z,0.0,0.027596589805206805,0,2,200
176,2026-09-22T07:53:48Z,0.0,0.28962605863185736,0,2,200
177,2026-09-22T07:53:48Z,0.0,0.03313739590002072,0,2,200
178,2026-09-22T07:53:48Z,0.0,0.024223649090614367,0,2,200
179,2026-09-22T07:53:49Z,0.0,0.03758314415967872,0,2,200
180,2026-09-22T07:53:49Z,0.0,0.06038352960432854,0,2,200
181,2026-09-22T07:53:49Z,0.0,0.13273734570231316,0,2,200
182,2026-09-22T07:53:50Z,0.0,0.041088198181500495,0,2,200
183,2026-09-22T07:53:50Z,0.0,0.04482991291892764,0,2,200
184,2026-09-22T07:53:51Z,0.0,0.19226344101131157,0,2,200
185,2026-09-22T07:53:51Z,0.0,0.17940380662426048,0,2,200
186,2026-09-22T07:53:51Z,0.0,0.16467812666380194,0,2,200
187,2026-09-22T07:53:52Z,0.0,0.048488744095750255,0,2,200
188,2026-09-22T07:53:52Z,0.0,0.09983430676474642,0,2,200
189,2026-09-22T07:53:52Z,0.0,0.019049012784641474,0,2,200
190,2026-09-22T07:53:53Z,1.0,0.27671706996718887,0,2,200
191,2026-09-22T07:53:53Z,0.0,0.041021093547388504,0,2,200
192,2026-09-22T07:53:53Z,0.0,0.24116690809849226,0,2,200
193,2026-09-22T07:53:54Z,0.0,0.05658398089001872,0,2,200
194,2026-09-22T07:53:54Z,0.0,0.31022399316641913,0,2,200
195,2026-09-22T07:53:55Z,0.0,0.03143756354500709,0,2,200
196,2026-09-22T07:53:55Z,0.0,0.060000643268603236,0,2,200
197,2026-09-22T07:53:55Z,0.0,0.05170177608752649,0,2,200
198,2026-09-22T07:53:56Z,0.0,0.15981937097116544,0,2,200
199,2026-09-22T07:53:56Z,0.0,0.1113970205973513,0,4,200
200,2026-09-22T07:53:56Z,0.0,0.08703530619114312,0,2,200
201,2026-09-22T07:53:57Z,1.0,0.504293354252992,1,2,200
202,2026-09-22T07:53:57Z,0.0,0.05465738912230985,0,2,200
203,2026-09-22T07:53:58Z,1.0,0.3797448888165515,0,2,200
204,2026-09-22T07:53:59Z,0.0,0.36224529394443017,0,2,200
205,2026-09-22T07:53:59Z,0.0,0.07146887875381001,0,2,200
206,2026-09-22T07:53:59Z,0.0,0.10313639102011982,0,2,200
207,2026-09-22T07:54:00Z,0.0,0.10829809685439244,0,2,200
208,2026-09-22T07:54:00Z,0.0,0.17577258631243775,0,2,200
209,2026-09-22T07:54:01Z,0.0,0.15646242721467288,0,2,200
210,2026-09-22T07:54:01Z,0.0,0.12011279136107204,0,2,200
211,2026-09-22T07:54:01Z,0.0,0.13709295001919344,0,2,200
212,2026-09-22T07:54:02Z,0.0,0.13818468545338777,0,4,200
213,2026-09-22T07:54:02Z,0.0,0.36508649385507286,0,2,200
214,2026-09-22T07:54:02Z,0.0,0.3971710362397421,0,2,200
215,2026-09-22T07:54:03Z,0.0,0.13558111783422302,0,2,200
216,2026-09-22T07:54:03Z,1.0,0.1252470856053506,0,2,200
217,2026-09-22T07:54:04Z,0.0,0.10855085463879767,0,2,200
218,2026-09-22T07:54:04Z,0.0,0.14558053635573218,0,4,200
219,2026-09-22T07:54:04Z,1.0,0.6072739980727788,1,2,200
220,2026-09-22T07:54:05Z,0.0,0.47910513028843893,0,2,200
221,2026-09-22T07:54:05Z,0.0,0.1402152577078732,0,2,200
222,2026-09-22T07:54:05Z,0.0,0.16129148436703875,0,4,200
223,2026-09-22T07:54:06Z,0.0,0.31033655322617343,0,2,200
224,2026-09-22T07:54:06Z,0.0,0.10677210734532011,0,2,200
225,2026-09-22T07:54:06Z,0.0,0.17980372198849234,0,2,200
226,2026-09-22T07:54:07Z,0.0,0.21047837088302054,0,2,200
227,2026-09-22T07:54:07Z,0.0,0.019359572693892168,0,2,200
228,2026-09-22T07:54:08Z,0.0,0.06771046819701151,0,4,200
229,2026-09-22T07:54:08Z,0.0,0.1689113093958214,0,2,200
230,2026-09-22T07:54:08Z,0.0,0.01352421721099372,0,2,200
231,2026-09-22T07:54:09Z,0.0,0.28141242758364216,0,2,200
232,2026-09-22T07:54:09Z,0.0,0.02819253598990295,0,2,200
233,2026-09-22T07:54:09Z,1.0,0.13802612947870502,0,4,200
234,2026-09-22T07:54:10Z,0.0,0.02194372179067396,0,2,200
235,2026-09-22T07:54:10Z,0.0,0.024312383717303602,0,2,200
236,2026-09-22T07:54:10Z,0.0,0.18418348582439834,0,2,200
237,2026-09-22T07:54:11Z,0.0,0.22858241412936875,0,2,200
238,2026-09-22T07:54:11Z,0.0,0.02523474596608047,0,2,200
239,2026-09-22T07:54:12Z,0.0,0.1543351269387664,0,2,200
240,2026-09-22T07:54:12Z,0.0,0.04634870218879004,0,2,200
241,2026-09-22T07:54:12Z,0.0,0.052484069793013684,0,2,200
242,2026-09-22T07:54:13Z,0.0,0.0504449538541113,0,2,200
243,2026-09-22T07:54:13Z,0.0,0.04434714278771394,0,2,200
244,2026-09-22T07:54:13Z,0.0,0.015665022993914826,0,2,200
245,2026-09-22T07:54:14Z,0.0,0.021157384092478585,0,2,200
246,2026-09-22T07:54:14Z,0.0,0.05288383157846592,0,2,200
247,2026-09-22T07:54:14Z,0.0,0.2106893482928767,0,2,200
248,2026-09-22T07:54:15Z,0.0,0.02687424837188278,0,2,200
249,2026-09-22T07:54:15Z,0.0,0.044086270744395,0,2,200
250,2026-09-22T07:54:15Z,1.0,0.22833963625708228,0,2,200
251,2026-09-22T07:54:16Z,0.0,0.06508359913706888,0,4,200
252,2026-09-22T07:54:16Z,0.0,0.14098521407668174,0,2,200
253,2026-09-22T07:54:17Z,0.0,0.2173125048026588,0,2,200
254,2026-09-22T07:54:17Z,0.0,0.2828294117444702,0,2,200
255,2026-09-22T07:54:17Z,1.0,0.20435912454209706,0,2,200
256,2026-09-22T07:54:18Z,0.0,0.05521174133284523,0,2,200
257,2026-09-22T07:54:18Z,0.0,0.02972223059108086,0,2,200
258,2026-09-22T07:54:18Z,0.0,0.305253126810579,0,2,200
259,2026-09-22T07:54:19Z,0.0,0.02820502584204194,0,2,200
260,2026-09-22T07:54:19Z,0.0,0.0471041521479518,0,2,200
261,2026-09-22T07:54:19Z,0.0,0.053914579527923244,0,2,200
262,2026-09-22T07:54:20Z,0.0,0.018594318886376873,0,2,200
263,2026-09-22T07:54:20Z,0.0,0.05905440892217939,0,2,200
264,2026-09-22T07:54:20Z,0.0,0.057687748234724466,0,4,200
265,2026-09-22T07:54:21Z,0.0,0.0558431640329893,0,2,200
266,2026-09-22T07:54:21Z,0.0,0.04203523084618435,0,2,200
267,2026-09-22T07:54:21Z,0.0,0.09092943705067433,0,4,200
268,2026-09-22T07:54:22Z,0.0,0.0722776662456775,0,2,200
269,2026-09-22T07:54:22Z,0.0,0.04077214570485217,0,2,200
270,2026-09-22T07:54:23Z,1.0,0.11971008085621719,0,2,200
271,2026-09-22T07:54:23Z,0.0,0.01879400965714576,0,2,200
272,2026-09-22T07:54:23Z,1.0,0.1157756173241842,0,2,200
273,2026-09-22T07:54:24Z,0.0,0.19832209975281145,0,2,200
274,2026-09-22T07:54:24Z,0.0,0.061867459411556476,0,2,200
275,2026-09-22T07:54:24Z,0.0,0.04974131009679041,0,2,200
276,2026-09-22T07:54:25Z,0.0,0.03102644139082317,0,2,200
277,2026-09-22T07:54:25Z,0.0,0.026048729196353634,0,2,200
278,2026-09-22T07:54:26Z,0.0,0.02818745780419464,0,2,200
279,2026-09-22T07:54:26Z,0.0,0.06223142288320842,0,2,200
280,2026-09-22T07:54:26Z,0.0,0.1934045261843059,0,4,200
281,2026-09-22T07:54:27Z,1.0,0.27716724775563945,0,2,200
282,2026-09-22T07:54:27Z,0.0,0.04652002875965357,0,2,200
283,2026-09-22T07:54:27Z,0.0,0.44014117113411194,0,2,200
284,2026-09-22T07:54:28Z,0.0,0.04220680048559083,0,2,200
285,2026-09-22T07:54:28Z,0.0,0.0290454752640122,0,2,200
286,2026-09-22T07:54:28Z,0.0,0.044767826948517005,0,2,200
287,2026-09-22T07:54:29Z,0.0,0.04112688518491809,0,2,200
288,2026-09-22T07:54:29Z,0.0,0.0474208755018315,0,2,200
289,2026-09-22T07:54:30Z,0.0,0.05506611382340723,0,2,200
290,2026-09-22T07:54:30Z,1.0,0.3122964036947169,0,2,200
291,2026-09-22T07:54:30Z,1.0,0.023707107991803943,0,2,200
292,2026-09-22T07:54:31Z,0.0,0.053753776206560716,0,2,200
293,2026-09-22T07:54:31Z,0.0,0.05217768325526467,0,2,200
294,2026-09-22T07:54:31Z,1.0,0.18823622872359871,0,4,200
295,2026-09-22T07:54:32Z,0.0,0.18280862015816915,0,2,200
296,2026-09-22T07:54:32Z,0.0,0.07282072956041072,0,2,200
297,2026-09-22T07:54:32Z,0.0,0.04308675199116481,0,2,200
298,2026-09-22T07:54:33Z,1.0,0.2355415416256513,0,2,200
299,2026-09-22T07:54:33Z,1.0,0.06375940875639965,0,2,200
300,2026-09-22T07:54:34Z,0.0,0.26898992433252306,0,2,200
301,2026-09-22T07:54:34Z,0.0,0.056746027875538424,0,2,200
302,2026-09-22T07:54:34Z,0.0,0.03437229527666459,0,2,200
303,2026-09-22T07:54:35Z,0.0,0.028457594260782416,0,2,200
304,2026-09-22T07:54:35Z,0.0,0.20858180487789718,0,2,200
305,2026-09-22T07:54:35Z,0.0,0.03876683829139775,0,2,200
306,2026-09-22T07:54:36Z,0.0,0.2150046284779944,0,2,200
307,2026-09-22T07:54:36Z,0.0,0.05694713064894461,0,2,200
308,2026-09-22T07:54:36Z,0.0,0.04440888166460403,0,2,200
309,2026-09-22T07:54:37Z,0.0,0.19021309756095206,0,2,200
310,2026-09-22T07:54:37Z,0.0,0.19798130118009635,0,2,200
311,2026-09-22T07:54:37Z,0.0,0.2699170582676497,0,2,200
312,2026-09-22T07:54:38Z,0.0,0.2490649164226209,0,2,200
313,2026-09-22T07:54:38Z,0.0,0.11132985820775493,0,2,200
314,2026-09-22T07:54:39Z,0.0,0.03342492945726822,0,2,200
315,2026-09-22T07:54:39Z,0.0,0.0770332904891244,0,2,200
316,2026-09-22T07:54:39Z,0.0,0.0326025924663432,0,2,200
317,2026-09-22T07:54:40Z,0.0,0.19606310145619296,0,4,200
318,2026-09-22T07:54:40Z,1.0,0.19221364384742126,0,2,200
319,2026-09-22T07:54:40Z,0.0,0.2754283610238609,0,2,200
320,2026-09-22T07:54:41Z,0.0,0.05351860459454612,0,4,200
321,2026-09-22T07:54:41Z,0.0,0.19345083005721903,0,2,200
322,2026-09-22T07:54:41Z,1.0,0.2702368951282424,0,2,200
323,2026-09-22T07:54:42Z,0.0,0.06556472506767014,0,2,200
324,2026-09-22T07:54:43Z,0.0,0.041696224928108636,0,2,200
325,2026-09-22T07:54:44Z,0.0,0.09371125300372687,0,2,200
326,2026-09-22T07:54:44Z,0.0,0.1995017458136259,0,2,200
327,2026-09-22T07:54:45Z,1.0,0.19436082800432422,0,2,200
328,2026-09-22T07:54:45Z,0.0,0.02462772379555307,0,2,200
329,2026-09-22T07:54:45Z,0.0,0.01976554684298958,0,2,200
330,2026-09-22T07:54:46Z,1.0,0.1381089393218812,0,2,200
331,2026-09-22T07:54:46Z,0.0,0.026693507756745997,0,2,200
332,2026-09-22T07:54:47Z,0.0,0.13219205543236218,0,2,200
333,2026-09-22T07:54:47Z,0.0,0.11458539992682146,0,2,200
334,2026-09-22T07:54:47Z,0.0,0.02206733798637926,0,2,200
335,2026-09-22T07:54:48Z,0.0,0.033266239539541796,0,2,200
336,2026-09-22T07:54:48Z,0.0,0.1165653180580585,0,4,200
337,2026-09-22T07:54:48Z,0.0,0.2077850803820075,0,2,200
338,2026-09-22T07:54:49Z,0.0,0.03801936711421822,0,2,200
339,2026-09-22T07:54:49Z,0.0,0.08492873167002023,0,2,200
340,2026-09-22T07:54:49Z,0.0,0.01696326071192877,0,2,200
341,2026-09-22T07:54:50Z,0.0,0.02989225567017641,0,2,200
342,2026-09-22T07:54:50Z,0.0,0.07927396028952935,0,2,200
343,2026-09-22T07:54:51Z,0.0,0.057687748234724466,0,4,200
344,2026-09-22T07:54:51Z,0.0,0.20345430215322224,0,2,200
345,2026-09-22T07:54:51Z,0.0,0.05260204986673049,0,2,200
346,2026-09-22T07:54:52Z,0.0,0.028603059897480243,0,2,200
347,2026-09-22T07:54:52Z,0.0,0.06771046819701151,0,4,200
348,2026-09-22T07:54:52Z,0.0,0.026018666792528476,0,2,200
349,2026-09-22T07:54:53Z,0.0,0.10421502391913133,0,4,200
350,2026-09-22T07:54:53Z,0.0,0.14461160231424366,0,2,200
351,2026-09-22T07:54:53Z,0.0,0.04521262230984446,0,2,200
352,2026-09-22T07:54:54Z,1.0,0.47682582988139993,0,2,200
353,2026-09-22T07:54:54Z,0.0,0.2953446542193474,0,2,200
354,2026-09-22T07:54:55Z,0.0,0.3123170896126825,0,2,200
355,2026-09-22T07:54:55Z,0.0,0.05011480631930152,0,2,200
356,2026-09-22T07:54:55Z,1.0,0.49625036558905306,0,2,200
357,2026-09-22T07:54:56Z,0.0,0.05351860459454612,0,4,200
358,2026-09-22T07:54:56Z,1.0,0.40955929649969497,0,2,200
359,2026-09-22T07:54:56Z,0.0,0.0665926488263328,0,2,200
360,2026-09-22T07:54:57Z,0.0,0.06335110653138176,0,2,200
361,2026-09-22T07:54:57Z,0.0,0.07419567542287744,0,4,200
362,2026-09-22T07:54:57Z,1.0,0.265026221599686,0,2,200
363,2026-09-22T07:54:58Z,0.0,0.31126062206544675,0,4,200
364,2026-09-22T07:54:58Z,0.0,0.14611593425409922,0,2,200
365,2026-09-22T07:54:59Z,1.0,0.07175098462269304,0,2,200
366,2026-09-22T07:54:59Z,0.0,0.06891918321790928,0,2,200
367,2026-09-22T07:54:59Z,0.0,0.08349706695605047,0,2,200
368,2026-09-22T07:55:00Z,0.0,0.17968310184493205,0,2,200
369,2026-09-22T07:55:00Z,0.0,0.08396556929823192,0,2,200
370,2026-09-22T07:55:00Z,0.0,0.36825622985559525,0,2,200
371,2026-09-22T07:55:01Z,1.0,0.15176305995066938,0,2,200
372,2026-09-22T07:55:01Z,0.0,0.047160777058547716,0,2,200
373,2026-09-22T07:55:01Z,0.0,0.02811804644355089,0,2,200
374,2026-09-22T07:55:02Z,1.0,0.3205583340926168,0,2,200
375,2026-09-22T07:55:02Z,0.0,0.026579359735232205,0,2,200
376,2026-09-22T07:55:02Z,0.0,0.07074601352774049,0,4,200
377,2026-09-22T07:55:03Z,0.0,0.020445939352814677,0,2,200
378,2026-09-22T07:55:03Z,0.0,0.15742759102253848,0,2,200
379,2026-09-22T07:55:03Z,0.0,0.1722194463012631,0,4,200
380,2026-09-22T07:55:04Z,0.0,0.02774966006120997,0,2,200
381,2026-09-22T07:55:04Z,0.0,0.021421134748371536,0,2,200
382,2026-09-22T07:55:05Z,0.0,0.026160522934236537,0,2,200
383,2026-09-22T07:55:05Z,0.0,0.02607975813664271,0,2,200
384,2026-09-22T07:55:05Z,0.0,0.033043257954905064,0,2,200
385,2026-09-22T07:55:06Z,0.0,0.019730480150883557,0,2,200
386,2026-09-22T07:55:06Z,0.0,0.16705114884055589,0,4,200
387,2026-09-22T07:55:06Z,0.0,0.01971698635443843,0,2,200
388,2026-09-22T07:55:07Z,0.0,0.20144161693037962,0,2,200
389,2026-09-22T07:55:07Z,0.0,0.02039847888825217,0,2,200
390,2026-09-22T07:55:07Z,0.0,0.028486509070347343,0,2,200
391,2026-09-22T07:55:08Z,0.0,0.025724843668758834,0,2,200
392,2026-09-22T07:55:08Z,1.0,0.04210983436497814,0,2,200
393,2026-09-22T07:55:09Z,0.0,0.15769850160053053,0,2,200
394,2026-09-22T07:55:09Z,0.0,0.05103933974132189,0,2,200
395,2026-09-22T07:55:09Z,0.0,0.01963972905066804,0,2,200
396,2026-09-22T07:55:10Z,0.0,0.17508204024590918,0,2,200
397,2026-09-22T07:55:10Z,0.0,0.16705114884055589,0,4,200
398,2026-09-22T07:55:10Z,0.0,0.030931367701373856,0,2,200
399,2026-09-22T07:55:11Z,0.0,0.1646310371994464,0,2,200
400,2026-09-22T07:55:11Z,0.0,0.0294071176555159,0,2,200
401,2026-09-22T07:55:11Z,0.0,0.2675030851190174,0,2,200
402,2026-09-22T07:55:12Z,0.0,0.2802032682076002,0,2,200
403,2026-09-22T07:55:13Z,0.0,0.05009768971884093,0,2,200
404,2026-09-22T07:55:13Z,0.0,0.31126062206544675,0,4,200
405,2026-09-22T07:55:13Z,0.0,0.06328581141071632,0,2,200
406,2026-09-22T07:55:14Z,0.0,0.24618582819292523,0,2,200
407,2026-09-22T07:55:14Z,0.0,0.15300760203623812,0,4,200
408,2026-09-22T07:55:14Z,0.0,0.31975408725998566,0,2,200
409,2026-09-22T07:55:15Z,1.0,0.3672082434941724,0,2,200
410,2026-09-22T07:55:15Z,0.0,0.04572240205602541,0,2,200
411,2026-09-22T07:55:15Z,0.0,0.04583268480923608,0,2,200
412,2026-09-22T07:55:16Z,1.0,0.37790958592642004,0,2,200
413,2026-09-22T07:55:16Z,1.0,0.046427232064050805,0,2,200
414,2026-09-22T07:55:16Z,0.0,0.05351860459454612,0,4,200
415,2026-09-22T07:55:17Z,0.0,0.05233862162916299,0,2,200
416,2026-09-22T07:55:17Z,0.0,0.11303829582666111,0,4,200
417,2026-09-22T07:55:18Z,0.0,0.04316454099667731,0,2,200
418,2026-09-22T07:55:18Z,0.0,0.05592847409302006,0,2,200
419,2026-09-22T07:55:18Z,0.0,0.03135858865116979,0,2,200
420,2026-09-22T07:55:19Z,0.0,0.056567964439879166,0,2,200
421,2026-09-22T07:55:19Z,0.0,0.29868232342194656,0,2,200
422,2026-09-22T07:55:19Z,1.0,0.4948526442651092,0,2,200
423,2026-09-22T07:55:20Z,1.0,0.44965240134092044,0,2,200
424,2026-09-22T07:55:20Z,0.0,0.08707992350276211,0,2,200
425,2026-09-22T07:55:20Z,0.0,0.04297531258076811,0,2,200
426,2026-09-22T07:55:21Z,0.0,0.02162428603257135,0,2,200
427,2026-09-22T07:55:21Z,0.0,0.1450525401768067,0,2,200
428,2026-09-22T07:55:21Z,0.0,0.019485652140486573,0,2,200
429,2026-09-22T07:55:22Z,0.0,0.021252864209526937,0,2,200
430,2026-09-22T07:55:22Z,0.0,0.01798780812461145,0,2,200
431,2026-09-22T07:55:23Z,0.0,0.11672686071030039,0,2,200
432,2026-09-22T07:55:23Z,0.0,0.01706246730096831,0,2,200
433,2026-09-22T07:55:23Z,0.0,0.040253677885772936,0,2,200
434,2026-09-22T07:55:24Z,0.0,0.0350193524982519,0,2,200
435,2026-09-22T07:55:24Z,0.0,0.12267666914012437,0,2,200
436,2026-09-22T07:55:24Z,0.0,0.013815308741755466,0,2,200
437,2026-09-22T07:55:25Z,0.0,0.16825173893937154,0,2,200
438,2026-09-22T07:55:25Z,0.0,0.035349799541078114,0,2,200
439,2026-09-22T07:55:25Z,1.0,0.1443246810542279,0,2,200
440,2026-09-22T07:55:26Z,0.0,0.01742500414844293,0,2,200
441,2026-09-22T07:55:26Z,0.0,0.03404048458069872,0,2,200
442,2026-09-22T07:55:27Z,0.0,0.032787342298957765,0,2,200
443,2026-09-22T07:55:27Z,0.0,0.07917617950879131,0,2,200
444,2026-09-22T07:55:27Z,0.0,0.14348726370672507,0,2,200
445,2026-09-22T07:55:28Z,1.0,0.027722576587179127,0,2,200
446,2026-09-22T07:55:28Z,0.0,0.019011484527583465,0,2,200
447,2026-09-22T07:55:28Z,0.0,0.037485756754158196,0,2,200
448,2026-09-22T07:55:29Z,0.0,0.0272163128321758,0,2,200
449,2026-09-22T07:55:29Z,0.0,0.10478487775945534,0,2,200
450,2026-09-22T07:55:29Z,1.0,0.4322951407242312,0,2,200
451,2026-09-22T07:55:30Z,0.0,0.06581378571846787,0,2,200
452,2026-09-22T07:55:30Z,0.0,0.08735211920836272,0,2,200
453,2026-09-22T07:55:30Z,0.0,0.16901245694412914,0,2,200
454,2026-09-22T07:55:31Z,0.0,0.25646863542044035,0,2,200
455,2026-09-22T07:55:31Z,0.0,0.13206135755327006,0,2,200
456,2026-09-22T07:55:32Z,1.0,0.3584345601611068,0,2,200
457,2026-09-22T07:55:32Z,1.0,0.26663352667380585,0,2,200
458,2026-09-22T07:55:32Z,1.0,0.057687748234724466,0,4,200
459,2026-09-22T07:55:33Z,1.0,0.26865081376568833,0,2,200
460,2026-09-22T07:55:33Z,0.0,0.383480039320814,0,2,200
461,2026-09-22T07:55:33Z,0.0,0.06534879943409105,0,2,200
462,2026-09-22T07:55:34Z,0.0,0.4689332197234631,0,2,200
463,2026-09-22T07:55:34Z,0.0,0.057687748234724466,0,4,200
464,2026-09-22T07:55:34Z,1.0,0.183700722598323,0,2,200
465,2026-09-22T07:55:35Z,0.0,0.07972287437895063,0,2,200
466,2026-09-22T07:55:35Z,1.0,0.3252072463693333,0,2,200
467,2026-09-22T07:55:36Z,0.0,0.40425820097251147,0,2,200
468,2026-09-22T07:55:36Z,0.0,0.17316908254980592,0,2,200
469,2026-09-22T07:55:36Z,0.0,0.060657263599214854,0,2,200
470,2026-09-22T07:55:37Z,1.0,0.5201133023007184,1,2,200
471,2026-09-22T07:55:37Z,0.0,0.07801991600219832,0,2,200
472,2026-09-22T07:55:37Z,0.0,0.09683711429107163,0,2,200
473,2026-09-22T07:55:38Z,0.0,0.0851773350440506,0,2,200
474,2026-09-22T07:55:38Z,1.0,0.5674305075844172,1,2,200
475,2026-09-22T07:55:38Z,0.0,0.1113970205973513,0,4,200
476,2026-09-22T07:55:39Z,0.0,0.02184417086412519,0,2,200
477,2026-09-22T07:55:39Z,0.0,0.014940626900470632,0,2,200
478,2026-09-22T07:55:40Z,0.0,0.17067333736329487,0,2,200
479,2026-09-22T07:55:40Z,0.0,0.016907747054478207,0,2,200
480,2026-09-22T07:55:40Z,0.0,0.09334575032759845,0,4,200
481,2026-09-22T07:55:41Z,0.0,0.01741605751087277,0,2,200
482,2026-09-22T07:55:41Z,1.0,0.016027998630867287,0,2,200
483,2026-09-22T07:55:41Z,0.0,0.0158924308089558,0,2,200
484,2026-09-22T07:55:42Z,0.0,0.15785708662659442,0,2,200
485,2026-09-22T07:55:42Z,0.0,0.014158096572314129,0,2,200
486,2026-09-22T07:55:42Z,0.0,0.057687748234724466,0,4,200
487,2026-09-22T07:55:43Z,0.0,0.01817210914439063,0,2,200
488,2026-09-22T07:55:43Z,0.0,0.10938394199786546,0,2,200
489,2026-09-22T07:55:44Z,0.0,0.03191947741124154,0,2,200
490,2026-09-22T07:55:44Z,0.0,0.04349947690877275,0,2,200
491,2026-09-22T07:55:44Z,0.0,0.017936036441222002,0,2,200
492,2026-09-22T07:55:45Z,0.0,0.06778670320667055,0,2,200
493,2026-09-22T07:55:45Z,0.0,0.12269834744164095,0,2,200
494,2026-09-22T07:55:45Z,0.0,0.1124902346395094,0,2,200
495,2026-09-22T07:55:46Z,0.0,0.0586869020552533,0,4,200
496,2026-09-22T07:55:46Z,0.0,0.017149665388777012,0,2,200
497,2026-09-22T07:55:46Z,0.0,0.14501492775569474,0,2,200
498,2026-09-22T07:55:47Z,0.0,0.014638164451458095,0,2,200
499,2026-09-22T07:55:47Z,0.0,0.042456920371981156,0,2,200
500,2026-09-22T07:55:47Z,0.0,0.013607317692568718,0,2,200
501,2026-09-22T07:55:48Z,0.0,0.07131002072598375,0,2,200
502,2026-09-22T07:55:48Z,0.0,0.1419540005477347,0,2,200
503,2026-09-22T07:55:49Z,0.0,0.030221424066740735,0,2,200
504,2026-09-22T07:55:49Z,0.0,0.016485522552889365,0,2,200
505,2026-09-22T07:55:49Z,0.0,0.1113970205973513,0,4,200
506,2026-09-22T07:55:50Z,0.0,0.05351860459454612,0,4,200
507,2026-09-22T07:55:50Z,0.0,0.01595923438359361,0,2,200
508,2026-09-22T07:55:50Z,0.0,0.03013775632783687,0,2,200
509,2026-09-22T07:55:51Z,0.0,0.013360595635445047,0,2,200
510,2026-09-22T07:55:51Z,0.0,0.0322793451286513,0,2,200
511,2026-09-22T07:55:51Z,0.0,0.02571060268189562,0,2,200
512,2026-09-22T07:55:52Z,0.0,0.023127835415731046,0,2,200
513,2026-09-22T07:55:52Z,0.0,0.02421023074637678,0,2,200
514,2026-09-22T07:55:52Z,0.0,0.05351860459454612,0,4,200
515,2026-09-22T07:55:53Z,0.0,0.017181745186428916,0,2,200
516,2026-09-22T07:55:53Z,0.0,0.021132240118305046,0,2,200
517,2026-09-22T07:55:54Z,0.0,0.016597719407470058,0,2,200
518,2026-09-22T07:55:54Z,0.0,0.13989341141737777,0,2,200
519,2026-09-22T07:55:54Z,0.0,0.024208333604271975,0,2,200
520,2026-09-22T07:55:55Z,0.0,0.016170365291175617,0,2,200
521,2026-09-22T07:55:55Z,0.0,0.10854084182443778,0,2,200
522,2026-09-22T07:55:55Z,0.0,0.07630794846385007,0,2,200
523,2026-09-22T07:55:56Z,0.0,0.013629322318555128,0,2,200
524,2026-09-22T07:55:56Z,0.0,0.05351860459454612,0,4,200
525,2026-09-22T07:55:56Z,0.0,0.0655777160670333,0,4,200
526,2026-09-22T07:55:57Z,0.0,0.07074601352774049,0,4,200
527,2026-09-22T07:55:57Z,0.0,0.13878658666702232,0,2,200
528,2026-09-22T07:55:58Z,1.0,0.18896205915013797,0,2,200
529,2026-09-22T07:55:58Z,0.0,0.028068518768853745,0,2,200
530,2026-09-22T07:55:58Z,0.0,0.03666700201767664,0,2,200
531,2026-09-22T07:55:59Z,0.0,0.08676279595007612,0,4,200
532,2026-09-22T07:55:59Z,0.0,0.11507068438042985,0,2,200
533,2026-09-22T07:55:59Z,0.0,0.019380273806840737,0,2,200
534,2026-09-22T07:56:00Z,0.0,0.03666198631925623,0,2,200
535,2026-09-22T07:56:00Z,1.0,0.1409333877687599,0,2,200
536,2026-09-22T07:56:00Z,0.0,0.022256974746043646,0,2,200
537,2026-09-22T07:56:01Z,0.0,0.03031867553073592,0,2,200
538,2026-09-22T07:56:01Z,0.0,0.06017798776831809,0,2,200
539,2026-09-22T07:56:02Z,0.0,0.022611008947691687,0,2,200
540,2026-09-22T07:56:02Z,0.0,0.1516354835210442,0,2,200
541,2026-09-22T07:56:02Z,0.0,0.03635380716140299,0,2,200
542,2026-09-22T07:56:03Z,0.0,0.022122362383164066,0,2,200
543,2026-09-22T07:56:03Z,0.0,0.0228300443465232,0,2,200
544,2026-09-22T07:56:03Z,0.0,0.18823622872359871,0,4,200
545,2026-09-22T07:56:04Z,0.0,0.027680015784580417,0,2,200
546,2026-09-22T07:56:04Z,0.0,0.017835491996469742,0,2,200
547,2026-09-22T07:56:04Z,0.0,0.14542198038104942,0,4,200
548,2026-09-22T07:56:05Z,0.0,0.18245372644922125,0,2,200
549,2026-09-22T07:56:05Z,0.0,0.14766857218143503,0,2,200
550,2026-09-22T07:56:06Z,0.0,0.11148332452773695,0,2,200
551,2026-09-22T07:56:06Z,0.0,0.04476833378720655,0,2,200
552,2026-09-22T07:56:06Z,0.0,0.04644580560464882,0,2,200
553,2026-09-22T07:56:07Z,0.0,0.47947759281770813,0,2,200
554,2026-09-22T07:56:07Z,0.0,0.4612497239044018,0,2,200
555,2026-09-22T07:56:07Z,0.0,0.33398281540753744,0,2,200
556,2026-09-22T07:56:08Z,0.0,0.05096675702543583,0,2,200
557,2026-09-22T07:56:08Z,0.0,0.05298944339925895,0,2,200
558,2026-09-22T07:56:08Z,0.0,0.046654635958918486,0,2,200
559,2026-09-22T07:56:09Z,0.0,0.3088545593883525,0,2,200
560,2026-09-22T07:56:09Z,0.0,0.054645607841571284,0,2,200
561,2026-09-22T07:56:10Z,0.0,0.0501476691252126,0,2,200
562,2026-09-22T07:56:10Z,0.0,0.3678693075884491,0,2,200
563,2026-09-22T07:56:10Z,0.0,0.1204458739926026,0,2,200
564,2026-09-22T07:56:11Z,0.0,0.18143418169683087,0,2,200
565,2026-09-22T07:56:11Z,1.0,0.20110118056148454,0,2,200
566,2026-09-22T07:56:11Z,1.0,0.48192186000843334,0,2,200
567,2026-09-22T07:56:12Z,0.0,0.024979736012401124,0,2,200
568,2026-09-22T07:56:12Z,1.0,0.12147202616147006,0,2,200
569,2026-09-22T07:56:12Z,0.0,0.0655777160670333,0,4,200
570,2026-09-22T07:56:13Z,0.0,0.05935391961605323,0,2,200
571,2026-09-22T07:56:13Z,1.0,0.40600349641447053,0,2,200
572,2026-09-22T07:56:14Z,0.0,0.05835007202243357,0,2,200
573,2026-09-22T07:56:14Z,0.0,0.3652762615174061,0,2,200
574,2026-09-22T07:56:14Z,0.0,0.3542081644507625,0,2,200
575,2026-09-22T07:56:15Z,0.0,0.08676279595007612,0,4,200
576,2026-09-22T07:56:15Z,0.0,0.05039794829110694,0,2,200
577,2026-09-22T07:56:15Z,0.0,0.023278390611101662,0,2,200
578,2026-09-22T07:56:16Z,0.0,0.04113999226151809,0,2,200
579,2026-09-22T07:56:16Z,0.0,0.08676279595007612,0,4,200
580,2026-09-22T07:56:16Z,1.0,0.21437943647651594,0,2,200
581,2026-09-22T07:56:17Z,0.0,0.1793910758621011,0,2,200
582,2026-09-22T07:56:17Z,0.0,0.049896048059215416,0,2,200
583,2026-09-22T07:56:18Z,0.0,0.06095440099878398,0,2,200
584,2026-09-22T07:56:18Z,0.0,0.036702217416041266,0,2,200
585,2026-09-22T07:56:18Z,0.0,0.05203388599794059,0,2,200
586,2026-09-22T07:56:19Z,0.0,0.053801228453134176,0,2,200
587,2026-09-22T07:56:19Z,0.0,0.026933842301271924,0,2,200
588,2026-09-22T07:56:19Z,0.0,0.024812295537688076,0,2,200
589,2026-09-22T07:56:20Z,0.0,0.057687748234724466,0,4,200
590,2026-09-22T07:56:20Z,0.0,0.04628582672410262,0,2,200
591,2026-09-22T07:56:20Z,1.0,0.027173022233678613,0,2,200
592,2026-09-22T07:56:21Z,0.0,0.05134986912720074,0,2,200
593,2026-09-22T07:56:21Z,0.0,0.2430185895044239,0,2,200
594,2026-09-22T07:56:22Z,0.0,0.22871169503820316,0,2,200
595,2026-09-22T07:56:22Z,0.0,0.12519104296356262,0,2,200
596,2026-09-22T07:56:22Z,1.0,0.19553641992738632,0,2,200
597,2026-09-22T07:56:23Z,0.0,0.2855755471301898,0,2,200
598,2026-09-22T07:56:23Z,0.0,0.2116378328613388,0,2,200
599,2026-09-22T07:56:23Z,0.0,0.2147985756985581,0,2,200
600,2026-09-22T07:56:24Z,1.0,0.3895816163644223,0,2,200
601,2026-09-22T07:56:24Z,1.0,0.5433359733203943,1,2,200
602,2026-09-22T07:56:24Z,1.0,0.5427312911629124,1,2,200
603,2026-09-22T07:56:25Z,1.0,0.3245001340876545,0,2,200
604,2026-09-22T07:56:25Z,0.0,0.4244292306950832,0,2,200
605,2026-09-22T07:56:26Z,0.0,0.035381075953434774,0,2,200
606,2026-09-22T07:56:26Z,0.0,0.05341455797203465,0,2,200
607,2026-09-22T07:56:26Z,0.0,0.21739694166321843,0,2,200
608,2026-09-22T07:56:27Z,0.0,0.06320566424253596,0,2,200
609,2026-09-22T07:56:27Z,0.0,0.04347250194191018,0,2,200
610,2026-09-22T07:56:27Z,0.0,0.46579899982698786,0,2,200
611,2026-09-22T07:56:28Z,0.0,0.41198893263332836,0,2,200
612,2026-09-22T07:56:28Z,0.0,0.09860126119856634,0,2,200
613,2026-09-22T07:56:28Z,1.0,0.569547648146095,1,2,200
614,2026-09-22T07:56:29Z,0.0,0.03717027725763608,0,2,200
615,2026-09-22T07:56:30Z,0.0,0.05385820833561194,0,2,200
616,2026-09-22T07:56:30Z,0.0,0.290641819179596,0,2,200
617,2026-09-22T07:56:31Z,0.0,0.03479316647172548,0,2,200
618,2026-09-22T07:56:31Z,1.0,0.48005366286255785,0,2,200
619,2026-09-22T07:56:31Z,1.0,0.3060911866312386,0,2,200
620,2026-09-22T07:56:32Z,1.0,0.42152548002847845,0,2,200
621,2026-09-22T07:56:32Z,0.0,0.04317822755737906,0,2,200
622,2026-09-22T07:56:33Z,0.0,0.0655777160670333,0,4,200
623,2026-09-22T07:56:34Z,0.0,0.356534811621664,0,2,200
624,2026-09-22T07:56:34Z,1.0,0.5465019437342181,1,2,200
625,2026-09-22T07:56:35Z,0.0,0.08822546062489842,0,2,200
626,2026-09-22T07:56:35Z,1.0,0.40703536961912506,0,2,200
627,2026-09-22T07:56:36Z,0.0,0.041984200075256155,0,2,200
628,2026-09-22T07:56:36Z,0.0,0.038154079018672085,0,2,200
629,2026-09-22T07:56:36Z,0.0,0.04913567178559476,0,2,200
630,2026-09-22T07:56:37Z,0.0,0.03255140751091589,0,2,200
631,2026-09-22T07:56:37Z,0.0,0.2993202712034832,0,2,200
632,2026-09-22T07:56:37Z,1.0,0.21591943370331243,0,4,200
633,2026-09-22T07:56:38Z,0.0,0.44870682784113747,0,2,200
634,2026-09-22T07:56:38Z,1.0,0.5557349968022712,1,2,200
635,2026-09-22T07:56:39Z,0.0,0.31126062206544675,0,4,200
636,2026-09-22T07:56:39Z,0.0,0.2976607689128095,0,2,200
637,2026-09-22T07:56:39Z,0.0,0.3938094718443528,0,2,200
638,2026-09-22T07:56:40Z,0.0,0.4421605418692316,0,2,200
639,2026-09-22T07:56:40Z,0.0,0.10840555441006457,0,4,200
640,2026-09-22T07:56:40Z,0.0,0.21570269572682924,0,2,200
641,2026-09-22T07:56:41Z,0.0,0.283072743775018,0,2,200
642,2026-09-22T07:56:41Z,0.0,0.2615469132545658,0,2,200
643,2026-09-22T07:56:42Z,1.0,0.4375050116710546,0,2,200
644,2026-09-22T07:56:42Z,0.0,0.5140031500433421,1,2,200
645,2026-09-22T07:56:43Z,0.0,0.4866626981467852,0,2,200
646,2026-09-22T07:56:43Z,0.0,0.4897840874795291,0,2,200
647,2026-09-22T07:56:43Z,0.0,0.36130079537611953,0,2,200
648,2026-09-22T07:56:44Z,0.0,0.19635537752576177,0,2,200
649,2026-09-22T07:56:44Z,0.0,0.11852048862192677,0,2,200
650,2026-09-22T07:56:44Z,0.0,0.11686432636259064,0,2,200
651,2026-09-22T07:56:45Z,0.0,0.04900726108053939,0,2,200
652,2026-09-22T07:56:45Z,0.0,0.025510864836627203,0,2,200
653,2026-09-22T07:56:45Z,0.0,0.1568733239326246,0,2,200
654,2026-09-22T07:56:46Z,0.0,0.09141780766772124,0,2,200
655,2026-09-22T07:56:46Z,1.0,0.1113970205973513,0,4,200
656,2026-09-22T07:56:47Z,0.0,0.055206097152790484,0,2,200
657,2026-09-22T07:56:47Z,0.0,0.05351860459454612,0,4,200
658,2026-09-22T07:56:47Z,0.0,0.03177522623668247,0,2,200
659,2026-09-22T07:56:48Z,0.0,0.22571026336840774,0,2,200
660,2026-09-22T07:56:48Z,1.0,0.07360063334746984,0,2,200
661,2026-09-22T07:56:48Z,0.0,0.027495821117193266,0,2,200
662,2026-09-22T07:56:49Z,0.0,0.1629736271341951,0,2,200
663,2026-09-22T07:56:49Z,0.0,0.039934761341505684,0,2,200
664,2026-09-22T07:56:50Z,0.0,0.026092332718913886,0,2,200
665,2026-09-22T07:56:50Z,0.0,0.030835071596552834,0,2,200
666,2026-09-22T07:56:50Z,0.0,0.05014528892758923,0,2,200
667,2026-09-22T07:56:51Z,1.0,0.18573720953945455,0,2,200
668,2026-09-22T07:56:51Z,0.0,0.057687748234724466,0,4,200
669,2026-09-22T07:56:51Z,1.0,0.1481004530819407,0,2,200
670,2026-09-22T07:56:52Z,0.0,0.415445120273136,0,2,200
671,2026-09-22T07:56:52Z,0.0,0.04368406583696207,0,2,200
672,2026-09-22T07:56:53Z,0.0,0.02970036775093792,0,2,200
673,2026-09-22T07:56:53Z,0.0,0.336345843850329,0,2,200
674,2026-09-22T07:56:53Z,0.0,0.034539456004018136,0,2,200
675,2026-09-22T07:56:54Z,0.0,0.15677008427388642,0,2,200
676,2026-09-22T07:56:54Z,0.0,0.014122448091251823,0,2,200
677,2026-09-22T07:56:54Z,0.0,0.07899740483880098,0,2,200
678,2026-09-22T07:56:55Z,0.0,0.05351860459454612,0,4,200
679,2026-09-22T07:56:55Z,0.0,0.1113970205973513,0,4,200
680,2026-09-22T07:56:55Z,0.0,0.017602223540813478,0,2,200
681,2026-09-22T07:56:56Z,0.0,0.03207635528465022,0,2,200
682,2026-09-22T07:56:56Z,0.0,0.10296768678805186,0,2,200
683,2026-09-22T07:56:56Z,0.0,0.013036273465992948,0,2,200
684,2026-09-22T07:56:57Z,0.0,0.013648066132453729,0,2,200
685,2026-09-22T07:56:57Z,0.0,0.024846742889038254,0,2,200
686,2026-09-22T07:56:58Z,0.0,0.11714297242693998,0,2,200
687,2026-09-22T07:56:58Z,1.0,0.07159645081975752,0,2,200
688,2026-09-22T07:56:58Z,0.0,0.013244382669117085,0,2,200
689,2026-09-22T07:56:59Z,0.0,0.20147637960559112,0,2,200
690,2026-09-22T07:56:59Z,0.0,0.019814305258879828,0,2,200
691,2026-09-22T07:56:59Z,0.0,0.013418594541426054,0,2,200
692,2026-09-22T07:57:00Z,0.0,0.12573616611534696,0,2,200
693,2026-09-22T07:57:00Z,0.0,0.17683920744744708,0,2,200
694,2026-09-22T07:57:01Z,0.0,0.1113970205973513,0,4,200
695,2026-09-22T07:57:01Z,0.0,0.10812011000429411,0,2,200
696,2026-09-22T07:57:01Z,0.0,0.09606198342118401,0,2,200
697,2026-09-22T07:57:02Z,0.0,0.20085299046007804,0,2,200
698,2026-09-22T07:57:02Z,0.0,0.014410950007348775,0,2,200
699,2026-09-22T07:57:02Z,0.0,0.01295370217403335,0,2,200
700,2026-09-22T07:57:03Z,0.0,0.08411838995475117,0,2,200
701,2026-09-22T07:57:03Z,0.0,0.16172334773969557,0,2,200
702,2026-09-22T07:57:04Z,0.0,0.08312651257001859,0,2,200
703,2026-09-22T07:57:04Z,0.0,0.023241204702357944,0,2,200
704,2026-09-22T07:57:04Z,0.0,0.1165653180580585,0,4,200
705,2026-09-22T07:57:05Z,0.0,0.018167660439043835,0,2,200
706,2026-09-22T07:57:05Z,0.0,0.0339536160508302,0,2,200
707,2026-09-22T07:57:05Z,0.0,0.06356526759577937,0,4,200
708,2026-09-22T07:57:06Z,0.0,0.0141599091187902,0,2,200
709,2026-09-22T07:57:06Z,0.0,0.02652819886742362,0,2,200
710,2026-09-22T07:57:06Z,0.0,0.09941063772458397,0,2,200
711,2026-09-22T07:57:07Z,0.0,0.13403879988068038,0,2,200
712,2026-09-22T07:57:07Z,0.0,0.09965881233110636,0,2,200
713,2026-09-22T07:57:07Z,0.0,0.014095662685989822,0,2,200
714,2026-09-22T07:57:08Z,0.0,0.015180923375121367,0,2,200
715,2026-09-22T07:57:08Z,0.0,0.11011309993810876,0,2,200
716,2026-09-22T07:57:09Z,0.0,0.1605036954151923,0,2,200
717,2026-09-22T07:57:09Z,0.0,0.08810407943468178,0,2,200
718,2026-09-22T07:57:09Z,0.0,0.14867619263417914,0,2,200
719,2026-09-22T07:57:10Z,0.0,0.07791684947377685,0,2,200
720,2026-09-22T07:57:10Z,0.0,0.16300570614648888,0,2,200
721,2026-09-22T07:57:10Z,0.0,0.11933643530446528,0,2,200
722,2026-09-22T07:57:11Z,0.0,0.01366963590234793,0,2,200
723,2026-09-22T07:57:11Z,0.0,0.026885011282095004,0,2,200
724,2026-09-22T07:57:11Z,0.0,0.14735721006293243,0,2,200
725,2026-09-22T07:57:12Z,0.0,0.030885617718754216,0,2,200
726,2026-09-22T07:57:12Z,0.0,0.03885887340188984,0,2,200
727,2026-09-22T07:57:13Z,1.0,0.05363957530452068,0,2,200
728,2026-09-22T07:57:13Z,0.0,0.046163518376831025,0,2,200
729,2026-09-22T07:57:13Z,0.0,0.18823622872359871,0,4,200
730,2026-09-22T07:57:14Z,1.0,0.2409091474343233,0,2,200
731,2026-09-22T07:57:14Z,0.0,0.19145475425084868,0,2,200
732,2026-09-22T07:57:14Z,0.0,0.030522391483040385,0,2,200
733,2026-09-22T07:57:15Z,0.0,0.02265707557836572,0,2,200
734,2026-09-22T07:57:15Z,0.0,0.027722952224824772,0,2,200
735,2026-09-22T07:57:15Z,0.0,0.028835156968749796,0,2,200
736,2026-09-22T07:57:16Z,0.0,0.19342383376977249,0,2,200
737,2026-09-22T07:57:16Z,0.0,0.04911077164287867,0,2,200
738,2026-09-22T07:57:17Z,0.0,0.03500678277530642,0,2,200
739,2026-09-22T07:57:17Z,0.0,0.03888092158734585,0,2,200
740,2026-09-22T07:57:17Z,0.0,0.0655777160670333,0,4,200
741,2026-09-22T07:57:18Z,0.0,0.039712819272002146,0,2,200
742,2026-09-22T07:57:18Z,0.0,0.02378892851920219,0,2,200
743,2026-09-22T07:57:18Z,0.0,0.03830436795038769,0,2,200
744,2026-09-22T07:57:19Z,0.0,0.027837444379232967,0,2,200
745,2026-09-22T07:57:19Z,1.0,0.2097352252734591,0,2,200
746,2026-09-22T07:57:19Z,0.0,0.17220932971177677,0,2,200
747,2026-09-22T07:57:20Z,0.0,0.24775052593551167,0,2,200
748,2026-09-22T07:57:20Z,0.0,0.11446707615806483,0,2,200
749,2026-09-22T07:57:21Z,0.0,0.0591770916863344,0,2,200
750,2026-09-22T07:57:21Z,0.0,0.06285604569543166,0,4,200
751,2026-09-22T07:57:21Z,0.0,0.3324287522591521,0,2,200
752,2026-09-22T07:57:22Z,1.0,0.2339835552494386,0,2,200
753,2026-09-22T07:57:22Z,0.0,0.03403119714186939,0,2,200
754,2026-09-22T07:57:22Z,0.0,0.03704289015749818,0,2,200
755,2026-09-22T07:57:23Z,1.0,0.18957208324036462,0,2,200
756,2026-09-22T07:57:23Z,0.0,0.021536087290375292,0,2,200
757,2026-09-22T07:57:23Z,0.0,0.0246287949080137,0,2,200
758,2026-09-22T07:57:24Z,0.0,0.019370188884969646,0,2,200
759,2026-09-22T07:57:24Z,0.0,0.03384290562769868,0,2,200
760,2026-09-22T07:57:24Z,0.0,0.0655777160670333,0,4,200
761,2026-09-22T07:57:25Z,1.0,0.25824012186722156,0,2,200
762,2026-09-22T07:57:25Z,1.0,0.435571600621079,0,2,200
763,2026-09-22T07:57:26Z,0.0,0.18551722839187906,0,4,200
764,2026-09-22T07:57:26Z,0.0,0.21111216187347204,0,2,200
765,2026-09-22T07:57:26Z,0.0,0.0157906719991639,0,2,200
766,2026-09-22T07:57:27Z,0.0,0.03156814604778222,0,2,200
767,2026-09-22T07:57:27Z,0.0,0.09449805643959844,0,2,200
768,2026-09-22T07:57:27Z,0.0,0.014071985587035946,0,2,200
769,2026-09-22T07:57:28Z,0.0,0.02458439799062456,0,2,200
770,2026-09-22T07:57:28Z,0.0,0.2634235957097846,0,2,200
771,2026-09-22T07:57:28Z,1.0,0.2459301509024582,0,4,200
772,2026-09-22T07:57:29Z,0.0,0.017583949969872767,0,2,200
773,2026-09-22T07:57:29Z,0.0,0.37348642914168145,0,2,200
774,2026-09-22T07:57:30Z,0.0,0.03925022463487812,0,2,200
775,2026-09-22T07:57:30Z,0.0,0.02645537700892401,0,2,200
776,2026-09-22T07:57:30Z,1.0,0.2145957130855326,0,2,200
777,2026-09-22T07:57:31Z,0.0,0.03666738375514718,0,2,200
778,2026-09-22T07:57:31Z,0.0,0.025422696992029908,0,2,200
779,2026-09-22T07:57:31Z,0.0,0.22398118502158973,0,2,200
780,2026-09-22T07:57:32Z,0.0,0.027983100089052894,0,2,200
781,2026-09-22T07:57:32Z,0.0,0.029863102048947404,0,2,200
782,2026-09-22T07:57:32Z,0.0,0.02646440997454258,0,2,200
783,2026-09-22T07:57:33Z,0.0,0.027760979899394828,0,2,200
784,2026-09-22T07:57:33Z,0.0,0.14645543196751643,0,2,200
785,2026-09-22T07:57:33Z,0.0,0.07611312476326096,0,2,200
786,2026-09-22T07:57:34Z,1.0,0.19606310145619296,0,4,200
787,2026-09-22T07:57:34Z,0.0,0.0540140748414853,0,2,200
788,2026-09-22T07:57:35Z,0.0,0.20610254587565371,0,2,200
789,2026-09-22T07:57:35Z,0.0,0.22701013903016737,0,2,200
790,2026-09-22T07:57:35Z,0.0,0.21332698301736677,0,2,200
791,2026-09-22T07:57:36Z,0.0,0.035153517401129764,0,2,200
792,2026-09-22T07:57:36Z,0.0,0.11879287149969571,0,4,200
793,2026-09-22T07:57:36Z,1.0,0.2590221511435594,0,2,200
794,2026-09-22T07:57:37Z,0.0,0.09722038600297096,0,2,200
795,2026-09-22T07:57:37Z,0.0,0.03513205833866046,0,2,200
796,2026-09-22T07:57:37Z,1.0,0.04601270434684771,0,2,200
797,2026-09-22T07:57:38Z,0.0,0.048629589151520755,0,2,200
798,2026-09-22T07:57:38Z,0.0,0.02816496740088168,0,2,200
799,2026-09-22T07:57:38Z,0.0,0.11826091215468607,0,2,200
800,2026-09-22T07:57:39Z,0.0,0.06617040229835741,0,2,200
801,2026-09-22T07:57:39Z,0.0,0.04397613029242769,0,2,200
802,2026-09-22T07:57:40Z,0.0,0.36334313469704616,0,2,200
803,2026-09-22T07:57:40Z,0.0,0.05194938566338955,0,2,200
804,2026-09-22T07:57:40Z,0.0,0.18823622872359871,0,4,200
805,2026-09-22T07:57:41Z,0.0,0.06846610105079519,0,2,200
806,2026-09-22T07:57:41Z,0.0,0.029641282607477015,0,2,200
807,2026-09-22T07:57:41Z,0.0,0.020207155710826704,0,2,200
808,2026-09-22T07:57:42Z,0.0,0.21736095093337898,0,2,200
809,2026-09-22T07:57:42Z,0.0,0.048948659091868976,0,2,200
810,2026-09-22T07:57:43Z,0.0,0.02372074693871529,0,2,200
811,2026-09-22T07:57:43Z,1.0,0.48352308289238294,0,2,200
812,2026-09-22T07:57:43Z,0.0,0.21516111228338136,0,2,200
813,2026-09-22T07:57:44Z,0.0,0.02300257953195094,0,2,200
814,2026-09-22T07:57:44Z,0.0,0.02259593784055115,0,2,200
815,2026-09-22T07:57:44Z,0.0,0.02096428850375081,0,2,200
816,2026-09-22T07:57:45Z,0.0,0.0655777160670333,0,4,200
817,2026-09-22T07:57:45Z,1.0,0.31615360162819334,0,2,200
818,2026-09-22T07:57:45Z,0.0,0.039760535748701066,0,2,200
819,2026-09-22T07:57:46Z,0.0,0.05817795763947428,0,2,200
820,2026-09-22T07:57:46Z,0.0,0.0230320016993819,0,2,200
821,2026-09-22T07:57:47Z,0.0,0.02357184587713,0,2,200
822,2026-09-22T07:57:47Z,0.0,0.1961561997299608,0,2,200
823,2026-09-22T07:57:47Z,0.0,0.3401377941244159,0,2,200
824,2026-09-22T07:57:48Z,0.0,0.38991907859252295,0,2,200
825,2026-09-22T07:57:48Z,0.0,0.016056414203511286,0,2,200
826,2026-09-22T07:57:48Z,0.0,0.028187106186982246,0,2,200
827,2026-09-22T07:57:49Z,0.0,0.014008414619144333,0,2,200
828,2026-09-22T07:57:49Z,0.0,0.016981131974241514,0,2,200
829,2026-09-22T07:57:49Z,0.0,0.10310049517536561,0,2,200
830,2026-09-22T07:57:50Z,0.0,0.1393979835844535,0,2,200
831,2026-09-22T07:57:50Z,0.0,0.02365954551511741,0,2,200
832,2026-09-22T07:57:51Z,0.0,0.013734997023162119,0,2,200
833,2026-09-22T07:57:51Z,0.0,0.06548597721085393,0,2,200
834,2026-09-22T07:57:51Z,1.0,0.048932093227323434,0,2,200
835,2026-09-22T07:57:52Z,0.0,0.43036909967614717,0,2,200
836,2026-09-22T07:57:52Z,0.0,0.030414267518796025,0,2,200
837,2026-09-22T07:57:52Z,0.0,0.0287859480559948,0,2,200
838,2026-09-22T07:57:53Z,0.0,0.07630677539061909,0,2,200
839,2026-09-22T07:57:53Z,0.0,0.015021703930898554,0,2,200
840,2026-09-22T07:57:54Z,1.0,0.2094904784422421,0,2,200
841,2026-09-22T07:57:54Z,0.0,0.15846653491619564,0,2,200
842,2026-09-22T07:57:54Z,0.0,0.031138590037222233,0,2,200
843,2026-09-22T07:57:55Z,0.0,0.17605671850355048,0,2,200
844,2026-09-22T07:57:55Z,0.0,0.387729623207335,0,2,200
845,2026-09-22T07:57:56Z,0.0,0.24831820293627732,0,2,200
846,2026-09-22T07:57:56Z,0.0,0.037811714707974224,0,2,200
847,2026-09-22T07:57:56Z,0.0,0.02825310599460059,0,2,200
848,2026-09-22T07:57:57Z,0.0,0.13856597124631356,0,2,200
849,2026-09-22T07:57:57Z,0.0,0.05351860459454612,0,4,200
850,2026-09-22T07:57:57Z,0.0,0.30552596876313504,0,2,200
851,2026-09-22T07:57:58Z,0.0,0.43859053693285466,0,2,200
852,2026-09-22T07:57:58Z,0.0,0.1671383585180241,0,2,200
853,2026-09-22T07:57:58Z,0.0,0.3052971653226882,0,4,200
854,2026-09-22T07:57:59Z,1.0,0.07022149073364656,0,2,200
855,2026-09-22T07:57:59Z,1.0,0.21584105949083765,0,2,200
856,2026-09-22T07:58:00Z,0.0,0.06549378149365684,0,2,200
857,2026-09-22T07:58:00Z,0.0,0.06928584730751963,0,2,200
858,2026-09-22T07:58:00Z,0.0,0.04607220576731992,0,2,200
859,2026-09-22T07:58:01Z,0.0,0.3578147699349229,0,2,200
860,2026-09-22T07:58:01Z,0.0,0.2615006067181367,0,2,200
861,2026-09-22T07:58:01Z,0.0,0.12552521266977137,0,2,200
862,2026-09-22T07:58:02Z,0.0,0.33231302837103655,0,2,200
863,2026-09-22T07:58:02Z,0.0,0.14278463926368964,0,2,200
864,2026-09-22T07:58:03Z,1.0,0.424007790713177,0,2,200
865,2026-09-22T07:58:03Z,1.0,0.08676029341049597,0,4,200
866,2026-09-22T07:58:03Z,1.0,0.35656257538581954,0,2,200
867,2026-09-22T07:58:04Z,0.0,0.047093805926115555,0,2,200
868,2026-09-22T07:58:04Z,0.0,0.08113151285886337,0,2,200
869,2026-09-22T07:58:04Z,0.0,0.025859366841130674,0,2,200
870,2026-09-22T07:58:05Z,0.0,0.3143799850802814,0,2,200
871,2026-09-22T07:58:05Z,0.0,0.08003924124396265,0,2,200
872,2026-09-22T07:58:05Z,0.0,0.3073608852463179,0,2,200
873,2026-09-22T07:58:06Z,0.0,0.046974028671088026,0,2,200
874,2026-09-22T07:58:06Z,1.0,0.460600702392691,0,2,200
875,2026-09-22T07:58:07Z,0.0,0.013416476796858177,0,2,200
876,2026-09-22T07:58:07Z,0.0,0.10594532207356337,0,2,200
877,2026-09-22T07:58:08Z,0.0,0.012956851212043428,0,2,200
878,2026-09-22T07:58:08Z,0.0,0.013631676189273306,0,2,200
879,2026-09-22T07:58:08Z,0.0,0.015397389988285428,0,2,200
880,2026-09-22T07:58:09Z,0.0,0.11923410940661203,0,2,200
881,2026-09-22T07:58:09Z,0.0,0.07789432960811536,0,2,200
882,2026-09-22T07:58:09Z,0.0,0.10863229844559939,0,2,200
883,2026-09-22T07:58:10Z,0.0,0.05351860459454612,0,4,200
884,2026-09-22T07:58:10Z,0.0,0.024784351915858437,0,2,200
885,2026-09-22T07:58:11Z,0.0,0.1113970205973513,0,4,200
886,2026-09-22T07:58:11Z,0.0,0.0149857102038846,0,2,200
887,2026-09-22T07:58:11Z,1.0,0.013065815462735098,0,2,200
888,2026-09-22T07:58:12Z,0.0,0.06242061546732278,0,2,200
889,2026-09-22T07:58:12Z,0.0,0.017882016372727134,0,2,200
890,2026-09-22T07:58:12Z,0.0,0.021197507289196192,0,2,200
891,2026-09-22T07:58:13Z,0.0,0.0307388616275192,0,2,200
892,2026-09-22T07:58:13Z,0.0,0.11432885389659113,0,2,200
893,2026-09-22T07:58:13Z,0.0,0.05528310345105299,0,2,200
894,2026-09-22T07:58:14Z,0.0,0.013297490663302674,0,2,200
895,2026-09-22T07:58:14Z,0.0,0.05351860459454612,0,4,200
896,2026-09-22T07:58:15Z,0.0,0.12535491707453825,0,2,200
897,2026-09-22T07:58:15Z,0.0,0.11576674644017328,0,2,200
898,2026-09-22T07:58:15Z,0.0,0.012953651773274849,0,2,200
899,2026-09-22T07:58:16Z,0.0,0.029518268489482483,0,2,200
900,2026-09-22T07:58:16Z,1.0,0.472194827650702,0,2,200
901,2026-09-22T07:58:16Z,1.0,0.5472751969395583,1,2,200
902,2026-09-22T07:58:17Z,1.0,0.5904995008484178,1,2,200
903,2026-09-22T07:58:17Z,1.0,0.3230868488173445,0,2,200
904,2026-09-22T07:58:18Z,0.0,0.13664125259418808,0,2,200
905,2026-09-22T07:58:18Z,1.0,0.3983443054522311,0,2,200
906,2026-09-22T07:58:18Z,0.0,0.3276917741248524,0,2,200
907,2026-09-22T07:58:19Z,0.0,0.22207713492122214,0,2,200
908,2026-09-22T07:58:19Z,1.0,0.5867469186643952,1,2,200
909,2026-09-22T07:58:19Z,1.0,0.480948807765207,0,2,200
910,2026-09-22T07:58:20Z,0.0,0.2637541419576141,0,2,200
911,2026-09-22T07:58:20Z,0.0,0.5059479695457558,1,2,200
912,2026-09-22T07:58:21Z,0.0,0.17191132420967783,0,2,200
913,2026-09-22T07:58:21Z,0.0,0.28541904850647926,0,4,200
914,2026-09-22T07:58:21Z,0.0,0.2366895853332902,0,2,200
915,2026-09-22T07:58:22Z,1.0,0.37460543895333465,0,2,200
916,2026-09-22T07:58:22Z,0.0,0.14707482492175908,0,2,200
917,2026-09-22T07:58:22Z,1.0,0.35008421246800553,0,4,200
918,2026-09-22T07:58:23Z,1.0,0.40857466893545163,0,2,200
919,2026-09-22T07:58:23Z,1.0,0.40538496823399917,0,2,200
920,2026-09-22T07:58:24Z,0.0,0.2149354545819743,0,2,200
921,2026-09-22T07:58:24Z,0.0,0.46236470935676066,0,2,200
922,2026-09-22T07:58:24Z,1.0,0.54454037407811,1,2,200
923,2026-09-22T07:58:25Z,1.0,0.4537453255269602,0,2,200
924,2026-09-22T07:58:25Z,0.0,0.5952993899604879,1,2,200
925,2026-09-22T07:58:26Z,0.0,0.01827190910730446,0,2,200
926,2026-09-22T07:58:26Z,0.0,0.1877435449209267,0,2,200
927,2026-09-22T07:58:26Z,0.0,0.03783224984467742,0,2,200
928,2026-09-22T07:58:27Z,1.0,0.18798908505320455,0,2,200
929,2026-09-22T07:58:27Z,0.0,0.017222700825594947,0,2,200
930,2026-09-22T07:58:27Z,0.0,0.029253327149828902,0,2,200
931,2026-09-22T07:58:31Z,0.0,0.06285604569543166,0,4,200
932,2026-09-22T07:58:31Z,0.0,0.03242137694032696,0,2,200
933,2026-09-22T07:58:32Z,0.0,0.05389839750700621,0,2,200
934,2026-09-22T07:58:32Z,0.0,0.1113970205973513,0,4,200
935,2026-09-22T07:58:32Z,1.0,0.15234542226738126,0,2,200
936,2026-09-22T07:58:33Z,0.0,0.17216721721361114,0,2,200
937,2026-09-22T07:58:33Z,0.0,0.022647589981160107,0,2,200
938,2026-09-22T07:58:34Z,0.0,0.15824019413941756,0,2,200
939,2026-09-22T07:58:34Z,0.0,0.039861812123258004,0,2,200
940,2026-09-22T07:58:34Z,0.0,0.0728787656577187,0,4,200
941,2026-09-22T07:58:35Z,0.0,0.049152551299891226,0,2,200
942,2026-09-22T07:58:35Z,0.0,0.1466311736749599,0,2,200
943,2026-09-22T07:58:35Z,0.0,0.18394773652487792,0,2,200
944,2026-09-22T07:58:36Z,0.0,0.015624549478282547,0,2,200
945,2026-09-22T07:58:40Z,0.0,0.1437808131353527,0,2,200
946,2026-09-22T07:58:40Z,0.0,0.023624913265383806,0,2,200
947,2026-09-22T07:58:41Z,0.0,0.02854475823274643,0,2,200
948,2026-09-22T07:58:41Z,0.0,0.04004534724650574,0,2,200
949,2026-09-22T07:58:41Z,0.0,0.020984664088814477,0,2,200
950,2026-09-22T07:58:42Z,0.0,0.25757554121001763,0,2,200
951,2026-09-22T07:58:42Z,0.0,0.03764149016713732,0,2,200
952,2026-09-22T07:58:42Z,0.0,0.054538452695495475,0,2,200
953,2026-09-22T07:58:43Z,0.0,0.02726837427131079,0,2,200
954,2026-09-22T07:58:43Z,0.0,0.19330864544650225,0,2,200
955,2026-09-22T07:58:44Z,0.0,0.06091445549689052,0,4,200
956,2026-09-22T07:58:44Z,0.0,0.05351860459454612,0,4,200
957,2026-09-22T07:58:44Z,0.0,0.1861327664586289,0,2,200
958,2026-09-22T07:58:45Z,0.0,0.03220983717177755,0,2,200
959,2026-09-22T07:58:45Z,0.0,0.021410816151083232,0,2,200
960,2026-09-22T07:58:45Z,0.0,0.2803189951218338,0,2,200
961,2026-09-22T07:58:46Z,0.0,0.06614754272402619,0,2,200
962,2026-09-22T07:58:46Z,0.0,0.12564395686816088,0,2,200
963,2026-09-22T07:58:46Z,1.0,0.2090899831526037,0,2,200
964,2026-09-22T07:58:47Z,0.0,0.06777108370371293,0,2,200
965,2026-09-22T07:58:47Z,0.0,0.06725742517736645,0,2,200
966,2026-09-22T07:58:47Z,1.0,0.09334575032759845,0,4,200
967,2026-09-22T07:58:48Z,0.0,0.12072987548441613,0,2,200
968,2026-09-22T07:58:48Z,0.0,0.08198296384620607,0,2,200
969,2026-09-22T07:58:49Z,0.0,0.2567629311148988,0,2,200
970,2026-09-22T07:58:49Z,0.0,0.34611544658966836,0,2,200
971,2026-09-22T07:58:49Z,0.0,0.07591091543183337,0,2,200
972,2026-09-22T07:58:50Z,0.0,0.045263942442562426,0,2,200
973,2026-09-22T07:58:50Z,0.0,0.060340451199267314,0,2,200
974,2026-09-22T07:58:50Z,0.0,0.04400362123871762,0,2,200
975,2026-09-22T07:58:51Z,0.0,0.03063354565555946,0,2,200
976,2026-09-22T07:58:51Z,0.0,0.038403658674218535,0,2,200
977,2026-09-22T07:58:51Z,0.0,0.019705208508517338,0,2,200
978,2026-09-22T07:58:52Z,1.0,0.166254761231937,0,2,200
979,2026-09-22T07:58:52Z,0.0,0.02591353356456297,0,2,200
980,2026-09-22T07:58:53Z,0.0,0.03381938487510141,0,2,200
981,2026-09-22T07:58:53Z,0.0,0.017167089217813923,0,2,200
982,2026-09-22T07:58:53Z,0.0,0.0259733710595139,0,2,200
983,2026-09-22T07:58:54Z,0.0,0.016554124423237244,0,2,200
984,2026-09-22T07:58:54Z,0.0,0.080562201129844,0,2,200
985,2026-09-22T07:58:54Z,0.0,0.012873023476613881,0,2,200
986,2026-09-22T07:58:55Z,0.0,0.013131841803720155,0,2,200
987,2026-09-22T07:58:55Z,0.0,0.0310622415573198,0,2,200
988,2026-09-22T07:58:55Z,0.0,0.05351860459454612,0,4,200
989,2026-09-22T07:58:56Z,0.0,0.18494043608604954,0,2,200
990,2026-09-22T07:58:56Z,0.0,0.06540916068920749,0,2,200
991,2026-09-22T07:58:57Z,1.0,0.042527019238748964,0,2,200
992,2026-09-22T07:58:57Z,0.0,0.1295070793405043,0,2,200
993,2026-09-22T07:58:57Z,0.0,0.4098440503883387,0,2,200
994,2026-09-22T07:58:58Z,0.0,0.01874757630736797,0,2,200
995,2026-09-22T07:58:58Z,0.0,0.12903118883488257,0,2,200
996,2026-09-22T07:58:58Z,0.0,0.018767502821361564,0,2,200
997,2026-09-22T07:58:59Z,0.0,0.01360459755932467,0,2,200
998,2026-09-22T07:58:59Z,0.0,0.01867000091846589,0,2,200
999,2026-09-22T07:58:59Z,0.0,0.10109234168903047,0,2,200
1000,2026-09-22T07:59:00Z,0.0,0.1917987428596361,0,2,200
1001,2026-09-22T07:59:00Z,0.0,0.14463870941330118,0,4,200
1002,2026-09-22T07:59:00Z,0.0,0.16802609177238437,0,2,200
1003,2026-09-22T07:59:01Z,0.0,0.015086502012270691,0,2,200
1004,2026-09-22T07:59:01Z,0.0,0.013862966609209416,0,2,200
1005,2026-09-22T07:59:02Z,0.0,0.2606420271650677,0,2,200
1006,2026-09-22T07:59:02Z,0.0,0.05351860459454612,0,4,200
1007,2026-09-22T07:59:02Z,0.0,0.08162540999318825,0,2,200
1008,2026-09-22T07:59:03Z,0.0,0.03319454911557678,0,2,200
1009,2026-09-22T07:59:03Z,0.0,0.05351860459454612,0,4,200
1010,2026-09-22T07:59:03Z,0.0,0.026261951506654047,0,2,200
1011,2026-09-22T07:59:04Z,0.0,0.20012484497191899,0,2,200
1012,2026-09-22T07:59:04Z,1.0,0.2810126913730246,0,2,200
1013,2026-09-22T07:59:04Z,0.0,0.015010655932174715,0,2,200
1014,2026-09-22T07:59:05Z,0.0,0.02043913213794617,0,2,200
1015,2026-09-22T07:59:05Z,0.0,0.052363944367950215,0,2,200
1016,2026-09-22T07:59:06Z,0.0,0.1738303967449231,0,2,200
1017,2026-09-22T07:59:06Z,0.0,0.024104854545865532,0,2,200
1018,2026-09-22T07:59:06Z,0.0,0.016760441584042992,0,2,200
1019,2026-09-22T07:59:07Z,0.0,0.01680433767268067,0,2,200
1020,2026-09-22T07:59:07Z,0.0,0.03460210992049868,0,2,200
1021,2026-09-22T07:59:07Z,0.0,0.2123299747463802,0,2,200
1022,2026-09-22T07:59:08Z,0.0,0.04947418379069537,0,2,200
1023,2026-09-22T07:59:08Z,0.0,0.022172417981631973,0,2,200
1024,2026-09-22T07:59:08Z,0.0,0.1172259656183337,0,2,200
1025,2026-09-22T07:59:09Z,0.0,0.05351860459454612,0,4,200
1026,2026-09-22T07:59:09Z,0.0,0.013799743416164061,0,2,200
1027,2026-09-22T07:59:09Z,0.0,0.09925675673585455,0,2,200
1028,2026-09-22T07:59:10Z,0.0,0.12719422147997508,0,2,200
1029,2026-09-22T07:59:10Z,0.0,0.0586869020552533,0,4,200
1030,2026-09-22T07:59:11Z,0.0,0.030927540872802216,0,2,200
1031,2026-09-22T07:59:11Z,0.0,0.09382608056109161,0,2,200
1032,2026-09-22T07:59:11Z,0.0,0.013336490691422486,0,2,200
1033,2026-09-22T07:59:12Z,0.0,0.014045158726328505,0,2,200
1034,2026-09-22T07:59:12Z,0.0,0.09466520956550799,0,2,200
1035,2026-09-22T07:59:12Z,0.0,0.1113970205973513,0,4,200
1036,2026-09-22T07:59:13Z,0.0,0.02424586987089915,0,2,200
1037,2026-09-22T07:59:13Z,0.0,0.1305597246263993,0,2,200
1038,2026-09-22T07:59:13Z,0.0,0.017315759642730598,0,2,200
1039,2026-09-22T07:59:14Z,0.0,0.01282691194686035,0,2,200
1040,2026-09-22T07:59:14Z,0.0,0.11879287149969571,0,4,200
1041,2026-09-22T07:59:14Z,0.0,0.07108772376228145,0,2,200
1042,2026-09-22T07:59:15Z,0.0,0.061230569852241186,0,2,200
1043,2026-09-22T07:59:15Z,0.0,0.11879287149969571,0,4,200
1044,2026-09-22T07:59:16Z,0.0,0.013911316205004192,0,2,200
1045,2026-09-22T07:59:16Z,0.0,0.012970892682819462,0,2,200
1046,2026-09-22T07:59:16Z,0.0,0.01298890017122594,0,2,200
1047,2026-09-22T07:59:17Z,0.0,0.2109955628485559,0,2,200
1048,2026-09-22T07:59:17Z,0.0,0.026028106816973384,0,2,200
1049,2026-09-22T07:59:17Z,0.0,0.12607674125168214,0,2,200
1050,2026-09-22T07:59:18Z,0.0,0.048729194318046065,0,2,200
1051,2026-09-22T07:59:18Z,0.0,0.02401344053036393,0,2,200
1052,2026-09-22T07:59:18Z,0.0,0.03153358473130143,0,2,200
1053,2026-09-22T07:59:19Z,0.0,0.05843273775550137,0,2,200
1054,2026-09-22T07:59:19Z,0.0,0.028326324021713433,0,2,200
1055,2026-09-22T07:59:19Z,0.0,0.05182996955394909,0,2,200
1056,2026-09-22T07:59:20Z,0.0,0.16958811306138294,0,2,200
1057,2026-09-22T07:59:20Z,0.0,0.09458348278268325,0,2,200
1058,2026-09-22T07:59:20Z,1.0,0.1690662403671161,0,2,200
1059,2026-09-22T07:59:21Z,0.0,0.021943010210323074,0,2,200
1060,2026-09-22T07:59:21Z,0.0,0.02162312743172529,0,2,200
1061,2026-09-22T07:59:22Z,0.0,0.02394355732581156,0,2,200
1062,2026-09-22T07:59:22Z,0.0,0.06390047985495986,0,2,200
1063,2026-09-22T07:59:22Z,0.0,0.03079220309151907,0,2,200
1064,2026-09-22T07:59:23Z,0.0,0.060729989421705516,0,2,200
1065,2026-09-22T07:59:23Z,0.0,0.04757051196402675,0,2,200
1066,2026-09-22T07:59:23Z,0.0,0.15887490713507524,0,2,200
1067,2026-09-22T07:59:24Z,0.0,0.0199768721865122,0,2,200
1068,2026-09-22T07:59:24Z,1.0,0.2315449762824311,0,2,200
1069,2026-09-22T07:59:25Z,0.0,0.16834510024571522,0,2,200
1070,2026-09-22T07:59:25Z,0.0,0.08676279595007612,0,4,200
1071,2026-09-22T07:59:25Z,0.0,0.042307499941431397,0,2,200
1072,2026-09-22T07:59:26Z,0.0,0.03247385959961202,0,2,200
1073,2026-09-22T07:59:26Z,0.0,0.06052512101676358,0,2,200
1074,2026-09-22T07:59:26Z,0.0,0.023305185683996442,0,2,200
1075,2026-09-22T07:59:27Z,0.0,0.013600070298617048,0,2,200
1076,2026-09-22T07:59:27Z,0.0,0.04283513302078933,0,2,200
1077,2026-09-22T07:59:27Z,0.0,0.20759614542938823,0,2,200
1078,2026-09-22T07:59:28Z,0.0,0.035496548965426776,0,2,200
1079,2026-09-22T07:59:28Z,0.0,0.013554007023519912,0,2,200
1080,2026-09-22T07:59:29Z,0.0,0.013798967622332405,0,2,200
1081,2026-09-22T07:59:29Z,0.0,0.014492505274553667,0,2,200
1082,2026-09-22T07:59:29Z,0.0,0.1581017655653196,0,2,200
1083,2026-09-22T07:59:30Z,0.0,0.028971547621907217,0,2,200
1084,2026-09-22T07:59:30Z,0.0,0.10857866616578656,0,2,200
1085,2026-09-22T07:59:30Z,0.0,0.04164010003329972,0,2,200
1086,2026-09-22T07:59:31Z,0.0,0.0379417513380217,0,2,200
1087,2026-09-22T07:59:31Z,0.0,0.014957789853349106,0,2,200
1088,2026-09-22T07:59:31Z,0.0,0.0768557930290689,0,2,200
1089,2026-09-22T07:59:32Z,0.0,0.037321071844568246,0,2,200
1090,2026-09-22T07:59:32Z,0.0,0.032008676628497865,0,2,200
1091,2026-09-22T07:59:32Z,0.0,0.05603320904550575,0,2,200
1092,2026-09-22T07:59:33Z,0.0,0.05351860459454612,0,4,200
1093,2026-09-22T07:59:33Z,0.0,0.07729240874668458,0,2,200
1094,2026-09-22T07:59:34Z,0.0,0.03414543152596727,0,2,200
1095,2026-09-22T07:59:34Z,0.0,0.05351860459454612,0,4,200
1096,2026-09-22T07:59:34Z,0.0,0.03327279093348199,0,2,200
1097,2026-09-22T07:59:35Z,0.0,0.01638197128141164,0,2,200
1098,2026-09-22T07:59:35Z,0.0,0.05351860459454612,0,4,200
1099,2026-09-22T07:59:35Z,0.0,0.07878018177723121,0,2,200
1100,2026-09-22T07:59:36Z,0.0,0.15177395887790268,0,2,200
1101,2026-09-22T07:59:36Z,0.0,0.029165945428512856,0,2,200
1102,2026-09-22T07:59:36Z,0.0,0.043146486326564176,0,2,200
1103,2026-09-22T07:59:37Z,0.0,0.02469377496859607,0,2,200
1104,2026-09-22T07:59:37Z,0.0,0.033929764506820656,0,2,200
1105,2026-09-22T07:59:37Z,0.0,0.03195446166811236,0,2,200
1106,2026-09-22T07:59:38Z,0.0,0.025589940323065493,0,2,200
1107,2026-09-22T07:59:38Z,0.0,0.05351860459454612,0,4,200
1108,2026-09-22T07:59:39Z,0.0,0.018976612030057308,0,2,200
1109,2026-09-22T07:59:39Z,0.0,0.2087617084011356,0,2,200
1110,2026-09-22T07:59:39Z,0.0,0.025792292839869037,0,2,200
1111,2026-09-22T07:59:40Z,0.0,0.1269696072762698,0,2,200
1112,2026-09-22T07:59:40Z,0.0,0.035697646457929604,0,2,200
1113,2026-09-22T07:59:40Z,0.0,0.05351860459454612,0,4,200
1114,2026-09-22T07:59:41Z,0.0,0.028359459181877794,0,2,200
1115,2026-09-22T07:59:41Z,0.0,0.025998103497128607,0,2,200
1116,2026-09-22T07:59:41Z,0.0,0.15871748060379337,0,2,200
1117,2026-09-22T07:59:42Z,0.0,0.05351860459454612,0,4,200
1118,2026-09-22T07:59:42Z,0.0,0.0977811114572797,0,2,200
1119,2026-09-22T07:59:42Z,0.0,0.0324435382468012,0,2,200
1120,2026-09-22T07:59:43Z,0.0,0.015072762038674237,0,2,200
1121,2026-09-22T07:59:43Z,0.0,0.05351860459454612,0,4,200
1122,2026-09-22T07:59:43Z,0.0,0.11470650823063164,0,2,200
1123,2026-09-22T07:59:44Z,0.0,0.0805900162803126,0,2,200
1124,2026-09-22T07:59:44Z,0.0,0.034969326106256166,0,2,200
1125,2026-09-22T07:59:45Z,0.0,0.04850556477806012,0,2,200
1126,2026-09-22T07:59:45Z,0.0,0.012913446985256406,0,2,200
1127,2026-09-22T07:59:45Z,0.0,0.10771696016985978,0,2,200
1128,2026-09-22T07:59:46Z,0.0,0.06013450113146435,0,2,200
1129,2026-09-22T07:59:46Z,0.0,0.014841738001147029,0,2,200
1130,2026-09-22T07:59:46Z,0.0,0.1019217937920104,0,2,200
1131,2026-09-22T07:59:47Z,0.0,0.017474837391996914,0,2,200
1132,2026-09-22T07:59:47Z,0.0,0.1012222502735698,0,2,200
1133,2026-09-22T07:59:47Z,0.0,0.06642231821755278,0,2,200
1134,2026-09-22T07:59:48Z,0.0,0.014109424874476584,0,2,200
1135,2026-09-22T07:59:48Z,0.0,0.022709752511387436,0,2,200
1136,2026-09-22T07:59:48Z,0.0,0.01400776785247455,0,2,200
1137,2026-09-22T07:59:49Z,0.0,0.05351860459454612,0,4,200
1138,2026-09-22T07:59:49Z,0.0,0.10046999358809412,0,2,200
1139,2026-09-22T07:59:50Z,0.0,0.017832940864060204,0,2,200
1140,2026-09-22T07:59:50Z,0.0,0.05351860459454612,0,4,200
1141,2026-09-22T07:59:50Z,0.0,0.012956851212043428,0,2,200
1142,2026-09-22T07:59:51Z,0.0,0.12242758201607704,0,2,200
1143,2026-09-22T07:59:51Z,0.0,0.10291909924180899,0,2,200
1144,2026-09-22T07:59:51Z,0.0,0.06091445549689052,0,4,200
1145,2026-09-22T07:59:52Z,0.0,0.10457794016198557,0,2,200
1146,2026-09-22T07:59:52Z,0.0,0.06223067679942763,0,2,200
1147,2026-09-22T07:59:52Z,0.0,0.027942001643570354,0,2,200
1148,2026-09-22T07:59:53Z,0.0,0.014606132618355314,0,2,200
1149,2026-09-22T07:59:53Z,0.0,0.013140653295968321,0,2,200
1150,2026-09-22T07:59:54Z,0.0,0.013427714296485644,0,2,200
1151,2026-09-22T07:59:54Z,0.0,0.01977875086618179,0,2,200
1152,2026-09-22T07:59:54Z,0.0,0.10543121162069627,0,2,200
1153,2026-09-22T07:59:55Z,0.0,0.013634212777484524,0,2,200
1154,2026-09-22T07:59:55Z,0.0,0.11456943906353612,0,2,200
1155,2026-09-22T07:59:55Z,0.0,0.013192528408554291,0,2,200
1156,2026-09-22T07:59:56Z,0.0,0.01449740430190194,0,2,200
1157,2026-09-22T07:59:56Z,0.0,0.014792211355207191,0,2,200
1158,2026-09-22T07:59:57Z,0.0,0.1196307420567866,0,2,200
1159,2026-09-22T07:59:57Z,0.0,0.15603274027315497,0,2,200
1160,2026-09-22T07:59:57Z,0.0,0.018827245316348287,0,2,200
1161,2026-09-22T07:59:58Z,0.0,0.1165653180580585,0,4,200
1162,2026-09-22T07:59:58Z,0.0,0.05915732670459528,0,2,200
1163,2026-09-22T07:59:58Z,0.0,0.013498189107912418,0,2,200
1164,2026-09-22T07:59:59Z,0.0,0.07369974083547282,0,2,200
1165,2026-09-22T07:59:59Z,0.0,0.1113970205973513,0,4,200
1166,2026-09-22T07:59:59Z,0.0,0.11965033926183016,0,2,200
1167,2026-09-22T08:00:00Z,0.0,0.024829270760253142,0,2,200
1168,2026-09-22T08:00:00Z,0.0,0.02358737610807418,0,2,200
1169,2026-09-22T08:00:01Z,0.0,0.05351860459454612,0,4,200
1170,2026-09-22T08:00:01Z,0.0,0.012851663173431864,0,2,200
1171,2026-09-22T08:00:01Z,0.0,0.022244418448882884,0,2,200
1172,2026-09-22T08:00:02Z,1.0,0.13030758998116496,0,2,200
1173,2026-09-22T08:00:02Z,0.0,0.0293253066685719,0,2,200
1174,2026-09-22T08:00:02Z,0.0,0.09976977566837258,0,2,200
1175,2026-09-22T08:00:03Z,0.0,0.03981334576705297,0,2,200
1176,2026-09-22T08:00:03Z,0.0,0.018146728031120152,0,2,200
1177,2026-09-22T08:00:03Z,0.0,0.019404284586265218,0,2,200
1178,2026-09-22T08:00:04Z,0.0,0.04941985517450874,0,2,200
1179,2026-09-22T08:00:04Z,0.0,0.13181479186536665,0,2,200
1180,2026-09-22T08:00:04Z,0.0,0.09997402959865782,0,2,200
1181,2026-09-22T08:00:05Z,0.0,0.13940612133864472,0,2,200
1182,2026-09-22T08:00:05Z,0.0,0.017800630897784938,0,2,200
1183,2026-09-22T08:00:06Z,0.0,0.015430161327376526,0,2,200
1184,2026-09-22T08:00:06Z,0.0,0.019905627351843078,0,2,200
1185,2026-09-22T08:00:06Z,0.0,0.16841363157075448,0,2,200
1186,2026-09-22T08:00:07Z,0.0,0.2219124076279426,0,2,200
1187,2026-09-22T08:00:07Z,0.0,0.08478129618765635,0,2,200
1188,2026-09-22T08:00:07Z,0.0,0.03395267269527047,0,2,200
1189,2026-09-22T08:00:08Z,1.0,0.14383061526815513,0,2,200
1190,2026-09-22T08:00:08Z,0.0,0.11211364627556242,0,2,200
1191,2026-09-22T08:00:08Z,0.0,0.18905351336558493,0,2,200
1192,2026-09-22T08:00:09Z,0.0,0.11220520763912627,0,2,200
1193,2026-09-22T08:00:09Z,0.0,0.014585214261553087,0,2,200
1194,2026-09-22T08:00:09Z,0.0,0.04281128007856566,0,2,200
1195,2026-09-22T08:00:10Z,0.0,0.30267091820114195,0,2,200
1196,2026-09-22T08:00:10Z,0.0,0.01384244526642434,0,2,200
1197,2026-09-22T08:00:11Z,0.0,0.1127823091949789,0,2,200
1198,2026-09-22T08:00:11Z,0.0,0.023699688647032473,0,2,200
1199,2026-09-22T08:00:11Z,0.0,0.017791314176468655,0,2,200
